Date,Open,High,Low,Close,Adj Close,Volume,Return
2007-01-03,12.33375,12.3625,12.18125,12.205,1.48356,956000,NA
2007-01-04,12.07125,12.09125,12.01125,12.0875,1.469278,960800,-0.009627202
2007-01-05,12.00625,12.0525,11.88125,11.92,1.448917,678400,-0.013857291
2007-01-08,11.8725,11.9225,11.83875,11.885,1.444663,914400,-0.002936242
2007-01-09,12.05375,12.065,11.89,11.9425,1.451653,1008000,0.004838031
2007-01-10,11.6575,11.715,11.56,11.6875,1.420656,948000,-0.021352313
2007-01-11,11.6225,11.7675,11.60625,11.7375,1.426734,860000,0.004278075
2007-01-12,11.845,11.9325,11.845,11.92375,1.449373,959200,0.015867945
2007-01-16,11.95625,11.97125,11.9125,11.94125,1.451501,802400,0.001467659
2007-01-17,12.00875,12.04625,11.93,11.99875,1.45849,1236000,0.004815241
2007-01-18,11.92875,11.9725,11.7975,11.8475,1.440105,1376000,-0.01260548
2007-01-19,11.76,11.9375,11.75625,11.92,1.448917,934400,0.006119434
2007-01-22,11.86,11.86,11.7475,11.7775,1.431596,2695200,-0.011954698
2007-01-23,11.6875,11.81875,11.67625,11.7975,1.434027,939200,0.001698153
2007-01-24,11.77,11.9275,11.765,11.8625,1.441928,1392000,0.005509642
2007-01-25,11.73625,11.765,11.5975,11.6,1.41002,1401600,-0.022128556
2007-01-26,11.6275,11.68125,11.5575,11.67625,1.419289,1955200,0.006573276
2007-01-29,11.7575,11.805,11.7425,11.78125,1.432052,910400,0.008992613
2007-01-30,11.82875,11.87125,11.80625,11.85125,1.440561,746400,0.005941645
2007-01-31,11.97125,12.13125,11.95375,12.09625,1.470341,976800,0.020672925
2007-02-01,12.29375,12.4,12.29375,12.3575,1.502097,1172000,0.021597603
2007-02-02,12.2425,12.30375,12.19,12.26625,1.491005,923200,-0.00738418
2007-02-05,12.1675,12.265,12.16,12.1875,1.481433,1044000,-0.006420055
2007-02-06,12.38625,12.5275,12.32,12.46125,1.514709,1012000,0.022461538
2007-02-07,12.5325,12.5375,12.475,12.51,1.520634,708000,0.003912128
2007-02-08,12.3475,12.51,12.33375,12.43375,1.511366,925600,-0.006095124
2007-02-09,12.52625,12.53625,12.34375,12.4725,1.516076,822400,0.003116518
2007-02-12,12.39875,12.4375,12.34875,12.42625,1.510454,612000,-0.003708158
2007-02-13,12.4775,12.55625,12.42625,12.555,1.526104,680800,0.010361131
2007-02-14,12.5325,12.81125,12.51625,12.66625,1.539627,1574400,0.008861012
2007-02-15,12.5675,12.64625,12.56125,12.6125,1.533093,834400,-0.004243561
2007-02-16,12.55,12.55625,12.49875,12.55625,1.526256,761600,-0.004459861
2007-02-20,12.39875,12.62125,12.36125,12.555,1.526104,906400,-9.9552E-05
2007-02-21,12.46375,12.58,12.43625,12.5525,1.5258,949600,-0.000199124
2007-02-22,13.14375,13.2,13.0925,13.18125,1.602227,1208000,0.050089624
2007-02-23,13.09125,13.10125,13.0125,13.0125,1.581715,1053600,-0.012802276
2007-02-26,13.2075,13.26625,13.15375,13.1825,1.602379,956800,0.013064361
2007-02-27,13.05375,13.1075,12.625,12.68875,1.542362,2148800,-0.037454959
2007-02-28,12.7825,12.85875,12.5275,12.72125,1.546312,1817600,0.002561324
2007-03-01,12.6375,12.77875,12.56,12.64625,1.537196,2191200,-0.005895647
2007-03-02,12.65375,12.7225,12.545,12.54875,1.525344,1160000,-0.007709795
2007-03-05,12.35,12.56375,12.34875,12.38875,1.505896,1188800,-0.012750274
2007-03-06,12.67125,12.74875,12.59,12.73375,1.547832,919200,0.027847846
2007-03-07,12.8025,12.915,12.785,12.8225,1.558619,1124800,0.006969667
2007-03-08,12.81875,12.96875,12.78625,12.865,1.563786,828800,0.003314486
2007-03-09,12.86625,12.9375,12.76625,12.91875,1.570319,920000,0.004178002
2007-03-12,12.8525,13.08125,12.84625,13.07125,1.588856,744000,0.011804548
2007-03-13,12.825,12.8825,12.66625,12.6675,1.539779,1099200,-0.0308884
2007-03-14,12.57125,12.66875,12.43,12.65625,1.538411,1684000,-0.000888099
2007-03-15,12.615,12.87125,12.615,12.78125,1.553606,1293600,0.009876543
2007-03-16,12.7175,12.78625,12.64125,12.6975,1.543425,732000,-0.006552567
2007-03-19,12.85125,12.8925,12.75875,12.87625,1.565153,888800,0.014077574
2007-03-20,12.84375,12.98375,12.83375,12.98375,1.57822,538400,0.008348704
2007-03-21,12.95375,13.24875,12.91625,13.24875,1.610432,828800,0.020410128
2007-03-22,13.3,13.3,13.19625,13.22375,1.607393,1224000,-0.00188697
2007-03-23,13.2225,13.26375,13.12625,13.16625,1.600404,1013600,-0.004348237
2007-03-26,13.2775,13.4025,13.2,13.4025,1.629121,1156800,0.017943606
2007-03-27,13.55125,13.645,13.455,13.61875,1.655407,6191200,0.016135049
2007-03-28,13.7725,13.84,13.68,13.7375,1.669841,1620800,0.008719596
2007-03-29,13.935,14.04,13.9025,13.96125,1.697039,1000000,0.016287534
2007-03-30,14.0425,14.1175,14.0025,14.0525,1.70813,2137600,0.006535948
2007-04-02,14.09375,14.12125,13.9925,14.07375,1.710713,1092000,0.001512186
2007-04-03,14.075,14.27,14.075,14.205,1.726667,904800,0.009325873
2007-04-04,14.30375,14.375,14.22625,14.335,1.742469,831200,0.009151707
2007-04-05,14.45625,14.59875,14.455,14.56125,1.769971,1076000,0.015783048
2007-04-09,14.625,14.63375,14.52,14.5325,1.766476,544000,-0.001974418
2007-04-10,14.68875,14.75625,14.66875,14.7475,1.79261,1097600,0.014794426
2007-04-11,14.74625,14.75125,14.545,14.6,1.774681,993600,-0.010001695
2007-04-12,14.535,14.66125,14.45625,14.6475,1.780455,983200,0.003253425
2007-04-13,14.765,15.14375,14.70875,15.09125,1.834394,1904800,0.030295272
2007-04-16,15.18,15.445,15.18,15.41,1.873139,1709600,0.021121511
2007-04-17,15.25875,15.385,15.21375,15.30625,1.860528,969600,-0.006732641
2007-04-18,15.0625,15.27,14.9875,15.16875,1.843814,1653600,-0.008983258
2007-04-19,14.95,15.19625,14.93125,15.15,1.841535,835200,-0.001236094
2007-04-20,15.215,15.30375,15.20375,15.25875,1.854754,692800,0.007178218
2007-04-23,15.125,15.19,15.05,15.16,1.842751,1408000,-0.006471697
2007-04-24,14.65875,14.68,14.515,14.68,2.441148,1244000,-0.031662269
2007-04-25,14.79375,14.99,14.74,14.97125,2.48958,925600,0.019839918
2007-04-26,14.68125,14.71375,14.50625,14.575,2.423687,1390400,-0.026467396
2007-04-27,14.80375,15.09125,14.80125,15.03875,2.500805,1811200,0.031818182
2007-04-30,14.82,14.95625,14.77375,14.85125,2.469625,1519200,-0.012467792
2007-05-01,14.86875,14.9075,14.77,14.8375,2.467339,683200,-0.000925848
2007-05-02,14.63625,14.93375,14.6275,14.85125,2.469625,1453600,0.000926706
2007-05-03,14.875,14.9675,14.76875,14.8925,2.476485,1373600,0.002777544
2007-05-04,14.97125,15.045,14.9425,15.0375,2.500597,975200,0.009736445
2007-05-07,15.08125,15.1125,15.045,15.08375,2.508288,495200,0.003075644
2007-05-08,14.81,14.91875,14.71375,14.91875,2.48085,928000,-0.010938924
2007-05-09,14.9,14.96,14.87125,14.96,2.487709,670400,0.002764977
2007-05-10,14.855,14.96375,14.64125,14.6625,2.438238,929600,-0.019886364
2007-05-11,14.62125,14.89875,14.5675,14.89875,2.477524,985600,0.016112532
2007-05-14,14.91875,14.92375,14.81,14.86125,2.471288,389600,-0.00251699
2007-05-15,14.83125,15.08125,14.82625,14.98875,2.49249,1069600,0.008579359
2007-05-16,15.12875,15.165,14.93,15.04875,2.502468,1590400,0.004003002
2007-05-17,14.97375,14.9825,14.86125,14.9425,2.484799,817600,-0.007060387
2007-05-18,15.10625,15.4125,15.10625,15.2425,2.534687,1114400,0.020076962
2007-05-21,15.275,15.43875,15.2575,15.39375,2.559838,1056800,0.009922913
2007-05-22,15.3425,15.4125,15.30625,15.35125,2.552771,590400,-0.002760861
2007-05-23,15.2525,15.3575,15.1975,15.21875,2.530737,636000,-0.008631219
2007-05-24,15.32875,15.34,15.12,15.1625,2.521383,952000,-0.003696099
2007-05-25,15.30125,15.37875,15.255,15.3375,2.550484,1028800,0.011541632
2007-05-29,15.26875,15.30625,15.18125,15.1975,2.527204,600800,-0.009127954
2007-05-30,15.03125,15.25,15.03125,15.2125,2.529698,1368000,0.000987004
2007-05-31,15.27,15.6525,15.27,15.4625,2.571271,1949600,0.016433854
2007-06-01,15.57375,15.615,15.46875,15.5475,2.585405,871200,0.005497171
2007-06-04,15.48125,15.86375,15.4675,15.615,2.59663,1169600,0.004341534
2007-06-05,15.62125,15.68375,15.52875,15.55375,2.586445,1401600,-0.00392251
2007-06-06,15.2,15.2075,14.875,14.94125,2.484591,2326400,-0.039379571
2007-06-07,14.66875,14.80875,14.475,14.50625,2.412255,1743200,-0.02911403
2007-06-08,14.535,14.635,14.40625,14.635,2.433665,1168800,0.008875485
2007-06-11,14.6225,14.81375,14.55375,14.7525,2.453204,1028000,0.008028698
2007-06-12,14.63125,14.8075,14.58,14.6,2.427845,888800,-0.010337231
2007-06-13,14.61125,14.70625,14.53375,14.7,2.444474,1116800,0.006849315
2007-06-14,14.625,14.935,14.625,14.8825,2.474822,900800,0.012414966
2007-06-15,15.31875,15.535,15.28125,15.38625,2.558591,1540800,0.03384848
2007-06-18,15.8025,15.8475,15.695,15.73375,2.616377,1092000,0.0225851
2007-06-19,15.85375,15.955,15.84,15.90125,2.64423,953600,0.010645905
2007-06-20,16.165001,16.286249,15.95,15.975,2.656495,1247200,0.004638
2007-06-21,15.80875,15.9725,15.7375,15.93125,2.649219,1053600,-0.002738654
2007-06-22,15.90375,16.004999,15.77125,15.825,2.631551,692800,-0.006669282
2007-06-25,15.705,15.8175,15.58125,15.625,2.598293,1535200,-0.012638231
2007-06-26,15.65625,15.72125,15.5425,15.60625,2.595175,1078400,-0.0012
2007-06-27,15.445,15.7125,15.44125,15.70625,2.611804,960800,0.006407689
2007-06-28,15.84375,16.030001,15.82,15.96625,2.65504,724000,0.01655392
2007-06-29,16.24,16.453751,16.24,16.338751,2.716983,1040800,0.023330525
2007-07-02,16.370001,16.5,16.31625,16.4,2.727168,1108800,0.003748695
2007-07-03,16.540001,16.63125,16.528749,16.605,2.761257,641600,0.0125
2007-07-05,16.591249,16.665001,16.375,16.495001,2.742965,1130400,-0.00662445
2007-07-06,16.60375,16.83625,16.561251,16.80625,2.794724,2396800,0.018869293
2007-07-09,16.91625,16.955,16.828751,16.918751,2.813432,2155200,0.006693998
2007-07-10,16.5875,16.68,16.4625,16.473749,2.739432,2427200,-0.026302296
2007-07-11,16.434999,16.547501,16.362499,16.546249,2.751488,2444800,0.004400941
2007-07-12,16.485001,16.85,16.481251,16.83625,2.799712,2156000,0.017526691
2007-07-13,17.084999,17.120001,17,17.106251,2.844611,1405600,0.016036885
2007-07-16,17.055,17.126249,17.016251,17.047501,2.834842,659200,-0.003434417
2007-07-17,17.014999,17.178749,17.00625,17.11125,2.845443,1376000,0.003739492
2007-07-18,16.891251,17.012501,16.834999,17.002501,2.827358,1870400,-0.006355409
2007-07-19,17.047501,17.105,16.967501,17.047501,2.834842,1239200,0.002646669
2007-07-20,16.983749,16.98875,16.7875,16.9,2.810313,1893600,-0.008652353
2007-07-23,16.83625,16.94125,16.76375,16.87125,2.805533,1640000,-0.001701183
2007-07-24,16.721251,16.745001,16.405001,16.46875,2.738601,2243200,-0.023857153
2007-07-25,16.532499,16.540001,16.19375,16.311251,2.71241,2595200,-0.009563507
2007-07-26,16.35375,16.395,15.95875,16.125,2.681438,3487200,-0.01141856
2007-07-27,15.67875,15.8175,15.49875,15.515,2.580001,3008000,-0.037829457
2007-07-30,16.11125,16.27375,15.96125,16.21875,2.697028,1978400,0.04535933
2007-07-31,16.2575,16.41,16.084999,16.18125,2.690792,1852800,-0.002312139
2007-08-01,16.00625,16.151251,15.82875,16.129999,2.68227,3209600,-0.003167308
2007-08-02,16.025,16.190001,15.96875,16.123751,2.68123,1663200,-0.000387353
2007-08-03,15.90625,15.9375,15.725,15.735,2.616585,2290400,-0.024110457
2007-08-06,15.94125,16.373751,15.935,16.373751,2.722803,2457600,0.04059428
2007-08-07,16.06625,16.372499,16.033751,16.2325,2.699314,1513600,-0.008626673
2007-08-08,16.2125,16.366249,16.137501,16.272499,2.705966,1922400,0.002464131
2007-08-09,15.78125,15.92,15.50625,15.50625,2.578546,2309600,-0.047088588
2007-08-10,15.695,15.8575,15.44375,15.8575,2.636955,2549600,0.022652156
2007-08-13,15.89125,15.96625,15.80125,15.8375,2.63363,928800,-0.001261233
2007-08-14,15.6475,15.6725,15.47375,15.49375,2.576467,1248800,-0.021704815
2007-08-15,15.27875,15.60375,15.20125,15.2125,2.529698,1640000,-0.018152481
2007-08-16,15.16125,15.2725,14.88375,15.2025,2.528035,2776000,-0.000657354
2007-08-17,15.515,15.6425,15.0525,15.25,2.535933,2119200,0.003124486
2007-08-20,15.3,15.42875,15.1875,15.3375,2.550484,1412000,0.005737705
2007-08-21,15.46875,15.6,15.43875,15.47875,2.573973,1491200,0.009209454
2007-08-22,15.5875,15.73375,15.505,15.70375,2.611388,1428000,0.014536057
2007-08-23,15.8025,15.845,15.625,15.74375,2.61804,992000,0.002547162
2007-08-24,15.71875,15.9675,15.67875,15.925,2.64818,616000,0.011512505
2007-08-27,15.9975,16.01,15.875,15.88875,2.642152,889600,-0.002276295
2007-08-28,15.9875,16.008751,15.60125,15.6375,2.600372,986400,-0.015813075
2007-08-29,16.067499,16.24625,15.975,16.2125,2.695988,944800,0.036770584
2007-08-30,15.93,16.3475,15.93,16.1975,2.693494,1400800,-0.000925212
2007-08-31,16.50375,16.63875,16.422501,16.51125,2.745668,1274400,0.019370273
2007-09-04,16.3375,16.63125,16.2875,16.571251,2.755646,1923200,0.003633947
2007-09-05,16.405001,16.41375,16.190001,16.190001,2.692247,1348000,-0.023006712
2007-09-06,16.1625,16.34375,16.11875,16.1625,2.687674,4013600,-0.001698641
2007-09-07,15.98125,16.21875,15.89375,15.98125,2.657534,4833600,-0.01121423
2007-09-10,15.91875,16.0075,15.78125,15.91875,2.647141,3942400,-0.003910833
2007-09-11,16.025,16.096251,15.95,16.025,2.664809,2848000,0.006674519
2007-09-12,16.049999,16.112499,15.96875,16.049999,2.668966,628800,0.00156
2007-09-13,16.11875,16.237499,16.06875,16.11875,2.680399,596000,0.004283552
2007-09-14,16.06875,16.186251,16.025,16.06875,2.672085,1155200,-0.003101978
2007-09-17,16.206249,16.342501,16.08375,16.206249,2.694949,374400,0.008556919
2007-09-18,16.775,16.78125,16.325001,16.775,2.789527,477600,0.035094549
2007-09-19,16.8125,16.825001,16.7125,16.8125,2.795763,242400,0.002235469
2007-09-20,16.893749,16.981251,16.7875,16.893749,2.809274,333600,0.004832654
2007-09-21,16.924999,16.9375,16.8375,16.924999,2.814471,656800,0.001849797
2007-09-24,17.106251,17.15,16.965,17.106251,2.844611,443200,0.010709129
2007-09-25,17.225,17.3125,17.1,17.225,2.864358,264800,0.006941848
2007-09-26,17.123751,17.15,17.012501,17.123751,2.847521,262400,-0.005878026
2007-09-27,17.206249,17.225,17.0825,17.206249,2.86124,736000,0.004817753
2007-09-28,17.1325,17.3125,17.012501,17.1325,2.848976,362400,-0.004286175
2007-10-01,17.387501,17.436251,17.1625,17.387501,2.891381,1136800,0.014884051
2007-10-02,16.9825,17.018749,16.883751,16.9825,2.824033,312800,-0.023292651
2007-10-03,16.77,16.90625,16.77,16.77,2.788696,160800,-0.012512881
2007-10-04,16.81875,16.81875,16.71875,16.81875,2.796803,289600,0.002906977
2007-10-05,16.950001,16.99375,16.78125,16.950001,2.818628,226400,0.00780385
2007-10-08,17.075001,17.174999,17.049999,17.075001,2.839415,242400,0.007374631
2007-10-09,16.9125,17,16.84375,16.9125,2.812392,2568800,-0.009516895
2007-10-10,16.831249,16.866249,16.752501,16.831249,2.798881,246400,-0.004804198
2007-10-11,16.79125,16.983749,16.75,16.79125,2.792229,406400,-0.002376472
2007-10-12,16.8925,16.91625,16.8125,16.8925,2.809066,308800,0.006029926
2007-10-15,16.8375,16.987499,16.75,16.8375,2.79992,756000,-0.003255883
2007-10-16,16.8375,16.875,16.775,16.8375,2.79992,559200,0
2007-10-17,17.0375,17.106251,16.90625,17.0375,2.833179,452000,0.011878248
2007-10-18,17.161249,17.16625,17.043751,17.161249,2.853757,669600,0.007263331
2007-10-19,17.137501,17.4125,17.137501,17.137501,2.849808,193600,-0.001383815
2007-10-22,16.9625,17.05625,16.831249,16.9625,2.820706,242400,-0.010211582
2007-10-23,17.315001,17.315001,17.06875,17.315001,2.879324,686400,0.020781194
2007-10-24,17.200001,17.25625,17.025,17.200001,2.860201,320800,-0.00664164
2007-10-25,17.487499,17.487499,17.35125,17.487499,2.908009,416800,0.016714999
2007-10-26,17.637501,17.67625,17.51,17.637501,2.932953,301600,0.00857767
2007-10-29,17.74375,17.84375,17.55625,17.74375,2.950622,266400,0.006024039
2007-10-30,17.275,17.38125,17.275,17.275,2.872673,303200,-0.026417753
2007-10-31,17.387501,17.387501,17.15,17.387501,2.891381,340800,0.006512359
2007-11-01,16.733749,17,16.69375,16.733749,2.782667,588800,-0.037598963
2007-11-02,16.92375,16.92375,16.725,16.92375,2.814263,340800,0.011354359
2007-11-05,16.887501,16.887501,16.731251,16.887501,2.808235,471200,-0.002141901
2007-11-06,17.137501,17.168751,16.9375,17.137501,2.849808,569600,0.014803848
2007-11-07,17.0875,17.375,17,17.0875,2.841493,176000,-0.002917637
2007-11-08,17.231251,17.295,16.9575,17.231251,2.865397,410400,0.008412641
2007-11-09,17.0875,17.19125,16.9375,17.0875,2.841493,319200,-0.008342459
2007-11-12,16.5375,16.68125,16.475,16.5375,2.750033,458400,-0.032187271
2007-11-13,16.96875,16.99,16.700001,16.96875,2.821746,386400,0.026077098
2007-11-14,16.895,17.1875,16.895,16.895,2.809482,281600,-0.004346225
2007-11-15,16.487499,16.715,16.4575,16.487499,2.741719,400800,-0.024119621
2007-11-16,16.59,16.612499,16.387501,16.59,2.758763,225600,0.006216892
2007-11-19,16.043751,16.282499,15.95,16.043751,2.667927,393600,-0.032926401
2007-11-20,16.831249,16.831249,16.545,16.831249,2.798881,628800,0.049084407
2007-11-21,16.9625,17.03125,16.725,16.9625,2.820706,499200,0.007798055
2007-11-23,17.13125,17.21875,17.0625,17.13125,2.848768,216800,0.009948416
2007-11-26,16.870001,17.11875,16.870001,16.870001,2.805325,265600,-0.01524985
2007-11-27,16.831249,16.887501,16.706249,16.831249,2.798881,176000,-0.002297095
2007-11-28,17.4,17.612499,16.9375,17.4,2.893459,621600,0.033791372
2007-11-29,17.39875,17.4375,17.237499,17.39875,2.893251,327200,-7.18391E-05
2007-11-30,17.4,17.549999,17.30625,17.4,2.893459,1277600,7.18442E-05
2007-12-03,17.31875,17.387501,17.28125,17.31875,2.879948,241600,-0.00466954
2007-12-04,17.473749,17.575001,17.31875,17.473749,2.905722,276000,0.00894978
2007-12-05,17.5875,17.6875,17.53125,17.5875,2.924638,594400,0.006509822
2007-12-06,17.83625,17.856251,17.53125,17.83625,2.966003,322400,0.014143568
2007-12-07,17.81875,17.860001,17.700001,17.81875,2.963093,231200,-0.000981148
2007-12-10,17.71875,17.81875,17.696251,17.71875,2.946464,185600,-0.005612066
2007-12-11,17.545,17.86875,17.487499,17.545,2.917571,1239200,-0.009805996
2007-12-12,18.043751,18.0875,17.85,18.043751,3.000509,843200,0.028426959
2007-12-13,18.17375,18.299999,17.9375,18.17375,3.022126,499200,0.007204655
2007-12-14,17.5,18.17375,17.475,17.5,2.910088,309600,-0.037072701
2007-12-17,17.4,17.5075,17.348749,17.4,2.893459,492800,-0.005714286
2007-12-18,17.6,17.78125,17.41375,17.6,2.926717,376000,0.011494253
2007-12-19,17.625,17.709999,17.5,17.625,2.930874,629600,0.001420455
2007-12-20,17.77375,17.86875,17.61125,17.77375,2.95561,385600,0.008439716
2007-12-21,18.200001,18.203751,18.046249,18.200001,3.026492,454400,0.023982052
2007-12-24,18.3125,18.34375,18.1625,18.3125,3.045199,209600,0.006181263
2007-12-26,18.4625,18.4925,18.200001,18.4625,3.070143,307200,0.008191126
2007-12-27,18.512501,18.596251,18.352501,18.512501,3.078457,424800,0.002708246
2007-12-28,18.5625,18.65,18.43375,18.5625,3.086772,184800,0.002700824
2007-12-31,18.424999,18.65,18.3125,18.424999,3.063907,266400,-0.007407461
2008-01-02,18.575001,18.762501,18.4925,18.575001,3.08885,210400,0.008141222
2008-01-03,18.700001,18.81875,18.575001,18.700001,3.109637,305600,0.006729475
2008-01-04,18.768749,19.0625,18.73875,18.768749,3.121069,492000,0.003676363
2008-01-07,19.200001,19.21875,18.96875,19.200001,3.192782,673600,0.022977131
2008-01-08,18.9375,19.379999,18.9375,18.9375,3.149131,372000,-0.013671926
2008-01-09,19.299999,19.311251,19.0825,19.299999,3.209411,647200,0.019141861
2008-01-10,18.53875,18.716249,18.3575,18.53875,3.082823,1288000,-0.039442955
2008-01-11,18.421249,18.518749,18.225,18.421249,3.063283,884000,-0.00633813
2008-01-14,18.502501,18.61875,18.46875,18.502501,3.076795,540000,0.004410776
2008-01-15,18.307501,18.766251,18.275,18.307501,3.044368,688000,-0.010539116
2008-01-16,17.481251,18.0875,17.475,17.481251,2.906971,591200,-0.045131774
2008-01-17,17.126249,17.59375,17.125,17.126249,2.847936,805600,-0.020307586
2008-01-18,16.762501,17.143749,16.625,16.762501,2.787448,1338400,-0.02123921
2008-01-22,15.85,15.85,15.125,15.85,2.635708,626400,-0.054437044
2008-01-23,14.875,15,14.28125,14.875,2.473575,960800,-0.061514196
2008-01-24,15.625,15.625,15.375,15.625,2.598293,2529600,0.050420168
2008-01-25,15.295,15.96875,15.2825,15.295,2.543417,608800,-0.02112
2008-01-28,15.53125,15.53125,15.14375,15.53125,2.582703,393600,0.015446224
2008-01-29,15.84375,15.94375,15.65,15.84375,2.634669,244800,0.020120724
2008-01-30,15.88125,16.16625,15.74125,15.88125,2.640905,388800,0.002366864
2008-01-31,16.299999,16.40625,15.725,16.299999,2.710539,230400,0.026367509
2008-02-01,16.418751,16.481251,16.24375,16.418751,2.730286,189600,0.007285399
2008-02-04,16.168751,16.36875,16.106251,16.168751,2.688713,398400,-0.015226493
2008-02-05,15.4375,16.168751,15.43125,15.4375,2.567113,353600,-0.04522619
2008-02-06,15.5375,15.78125,15.51875,15.5375,2.583743,319200,0.006477733
2008-02-07,15.34375,15.41875,15.14375,15.34375,2.551523,154400,-0.012469831
2008-02-08,15.275,15.35,15.08125,15.275,2.540091,380800,-0.004480652
2008-02-11,15.25625,15.3625,15.125,15.25625,2.536973,178400,-0.001227496
2008-02-12,15.6125,15.8,15.54375,15.6125,2.596214,217600,0.023351086
2008-02-13,15.8625,15.9175,15.69375,15.8625,2.637787,230400,0.01601281
2008-02-14,15.95,16.125,15.81875,15.95,2.652337,126400,0.005516154
2008-02-15,15.7375,15.76875,15.6,15.7375,2.617,244800,-0.013322884
2008-02-19,16.225,16.375,16.158751,16.225,2.698067,240000,0.030976966
2008-02-20,16.049999,16.22625,15.7125,16.049999,2.668966,115200,-0.010785886
2008-02-21,15.6625,16.043751,15.61375,15.6625,2.604529,317600,-0.024143241
2008-02-22,15.71875,15.80625,15.5475,15.71875,2.613883,172800,0.003591381
2008-02-25,15.88125,15.88375,15.67375,15.88125,2.640905,259200,0.010337972
2008-02-26,16.216249,16.2875,15.95625,16.216249,2.696612,192000,0.021093994
2008-02-27,16.275,16.40625,15.99375,16.275,2.706382,202400,0.003622971
2008-02-28,16.25,16.331249,16.13125,16.25,2.702224,169600,-0.001536098
2008-02-29,15.80625,16.043751,15.75,15.80625,2.628433,323200,-0.027307692
2008-03-03,15.95625,15.965,15.65625,15.95625,2.653377,1565600,0.009489917
2008-03-04,15.61375,15.8325,15.51875,15.61375,2.596422,1072800,-0.021464943
2008-03-05,16.18125,16.25625,15.93125,16.18125,2.690792,676000,0.036346169
2008-03-06,16.18125,16.338751,16.1175,16.18125,2.690792,1088800,0
2008-03-07,15.9375,16.043751,15.81875,15.9375,2.650259,233600,-0.015063731
2008-03-10,15.75625,15.99375,15.71875,15.75625,2.620118,411200,-0.011372549
2008-03-11,16.35125,16.35125,15.75,16.35125,2.719062,204000,0.037762793
2008-03-12,16.268749,16.59375,16.268749,16.268749,2.705343,321600,-0.005045547
2008-03-13,16.436251,16.5375,16.09375,16.436251,2.733196,340000,0.010295936
2008-03-14,16.331249,16.68125,16.168751,16.331249,2.715735,171200,-0.00638844
2008-03-17,16.38125,16.6325,16.251249,16.38125,2.72405,471200,0.003061676
2008-03-18,16.875,16.924999,16.637501,16.875,2.806156,239200,0.030141167
2008-03-19,16.43125,16.887501,16.43125,16.43125,2.732364,450400,-0.026296296
2008-03-20,16.35125,16.3675,16.112499,16.35125,2.719062,170400,-0.004868771
2008-03-24,16.362499,16.5875,16.125,16.362499,2.720932,158400,0.00068796
2008-03-25,16.75625,16.78125,16.5,16.75625,2.786409,455200,0.024064234
2008-03-26,16.6875,16.688749,16.487499,16.6875,2.774977,270400,-0.004102947
2008-03-27,16.751249,17.025,16.751249,16.751249,2.785578,324800,0.003820165
2008-03-28,16.731251,16.75,16.626249,16.731251,2.782252,168000,-0.001193821
2008-03-31,16.862499,17.05625,16.75625,16.862499,2.804077,230400,0.007844482
2008-04-01,17.012501,17.125,16.96125,17.012501,2.829021,4406400,0.008895597
2008-04-02,17.30625,17.36875,17.237499,17.30625,2.877869,1040800,0.017266656
2008-04-03,17.3325,17.43125,17.2075,17.3325,2.882235,1854400,0.001516793
2008-04-04,17.38125,17.53125,17.32375,17.38125,2.890341,449600,0.002812635
2008-04-07,17.50625,17.608749,17.4375,17.50625,2.911128,1328800,0.007191658
2008-04-08,17.5,17.5875,17.35,17.5,2.910088,3524000,-0.000357015
2008-04-09,17.5375,17.637501,17.5,17.5375,2.916324,350400,0.002142857
2008-04-10,17.6625,17.76375,17.543751,17.6625,2.93711,308800,0.007127584
2008-04-11,17.452499,17.65625,17.452499,17.452499,2.902189,212800,-0.011889653
2008-04-14,17.512501,17.5875,17.452499,17.512501,2.912167,186400,0.003438018
2008-04-15,17.8925,17.89875,17.77,17.8925,2.975357,497600,0.021698728
2008-04-16,18.2575,18.3375,18.081249,18.2575,3.036053,400000,0.020399609
2008-04-17,18.296249,18.3125,18.094999,18.296249,3.042497,284000,0.002122361
2008-04-18,18.446251,18.4625,18.2125,18.446251,3.067441,200000,0.008198511
2008-04-21,18.637501,18.637501,18.40625,18.637501,3.099243,144800,0.01036796
2008-04-22,17.55625,18.11875,17.375,17.55625,3.922895,391200,-0.058014806
2008-04-23,17.8375,17.875,17.481251,17.8375,3.985738,256000,0.016019936
2008-04-24,17.80625,17.825001,17.481251,17.80625,3.978755,514400,-0.001751927
2008-04-25,17.58625,17.73,17.555,17.58625,3.929597,249600,-0.012355212
2008-04-28,17.6875,17.741249,17.581249,17.6875,3.952222,340800,0.005757339
2008-04-29,17.643749,17.72625,17.61875,17.643749,3.942446,211200,-0.002473555
2008-04-30,17.875,17.96875,17.643749,17.875,3.994118,304000,0.013106682
2008-05-01,17.94375,17.945,17.625,17.94375,4.00948,309600,0.003846154
2008-05-02,17.5375,17.637501,17.450001,17.5375,3.918705,174400,-0.022640195
2008-05-05,17.799999,17.825001,17.59375,17.799999,3.977359,261600,0.014967869
2008-05-06,17.84375,17.84375,17.6,17.84375,3.987135,573600,0.002457921
2008-05-07,17.299999,17.53125,17.15625,17.299999,3.865636,742400,-0.030472911
2008-05-08,17.436251,17.4625,17.328751,17.436251,3.896081,145600,0.007875839
2008-05-09,17.30625,17.30625,17.13125,17.30625,3.867033,157600,-0.007455789
2008-05-12,17.46875,17.543751,17.338751,17.46875,3.903342,177600,0.009389671
2008-05-13,17.64875,17.748751,17.543751,17.64875,3.943564,202400,0.010304114
2008-05-14,17.5875,17.751249,17.5875,17.5875,3.929877,148800,-0.003470501
2008-05-15,17.862499,17.862499,17.543751,17.862499,3.991325,148800,0.015636048
2008-05-16,18.25,18.325001,17.924999,18.25,4.07791,161600,0.021693549
2008-05-19,18.1425,18.25,17.969999,18.1425,4.053891,458400,-0.005890411
2008-05-20,18.2125,18.28125,18.0875,18.2125,4.069532,232800,0.003858344
2008-05-21,18.4375,18.5875,18.395,18.4375,4.119807,403200,0.012354152
2008-05-22,18.450001,18.575001,18.3675,18.450001,4.1226,213600,0.00067802
2008-05-23,18.456249,18.706249,18.3675,18.456249,4.123996,99200,0.000338645
2008-05-27,18.456249,18.5825,18.40625,18.456249,4.123996,130400,0
2008-05-28,18.68,18.68125,18.52375,18.68,4.173993,268000,0.012123319
2008-05-29,18.5875,18.625,18.375,18.5875,4.153325,284800,-0.00495182
2008-05-30,18.77375,18.83625,18.62875,18.77375,4.194941,259200,0.010020175
2008-06-02,18.532499,18.637501,18.4,18.532499,4.141035,192000,-0.012850443
2008-06-03,18.65625,18.725,18.502501,18.65625,4.168686,1128000,0.006677513
2008-06-04,18.55125,18.696251,18.4575,18.55125,4.145224,156000,-0.005628141
2008-06-05,18.872499,18.879999,18.668751,18.872499,4.217006,168000,0.017316838
2008-06-06,18.5875,18.665001,18.463751,18.5875,4.153325,280000,-0.015101286
2008-06-09,18.796249,18.91375,18.5875,18.796249,4.199969,206400,0.011230612
2008-06-10,18.219999,18.44375,18.126249,18.219999,4.071208,278400,-0.030657713
2008-06-11,17.975,18.356251,17.975,17.975,4.016463,432000,-0.013446708
2008-06-12,18.137501,18.237499,17.975,18.137501,4.052773,486400,0.009040389
2008-06-13,18.24,18.275,17.97625,18.24,4.075676,284000,0.00565122
2008-06-16,18.168751,18.19875,17.99625,18.168751,4.059755,113600,-0.003906195
2008-06-17,18.3125,18.375,18.195,18.3125,4.091877,239200,0.007911881
2008-06-18,18.05875,18.168751,17.94375,18.05875,4.035176,425600,-0.013856655
2008-06-19,18.05625,18.05875,17.856251,18.05625,4.034617,109600,-0.000138437
2008-06-20,17.4,17.793751,17.393749,17.4,3.887981,211200,-0.036344756
2008-06-23,17.4,17.4,17.4,17.4,3.887981,0,0
2008-06-24,17.49625,17.6625,17.43,17.49625,3.909487,336800,0.005531609
2008-06-25,17.5,17.59375,17.331249,17.5,3.910326,782400,0.000214332
2008-06-26,17.297501,17.606251,17.262501,17.297501,3.865077,271200,-0.011571371
2008-06-27,17.424999,17.5875,17.21875,17.424999,3.893567,315200,0.007370891
2008-06-30,17.262501,17.325001,17.09375,17.262501,3.857256,153600,-0.009325567
2008-07-01,17.11875,17.262501,16.844999,17.11875,3.825136,215200,-0.008327357
2008-07-02,16.9375,17.15,16.782499,16.9375,3.784636,196800,-0.010587806
2008-07-03,16.75,16.875,16.612499,16.75,3.74274,148800,-0.011070111
2008-07-07,16.6975,16.9,16.514999,16.6975,3.731009,204000,-0.003134328
2008-07-08,16.522499,16.6975,16.25,16.522499,3.691906,232400,-0.010480671
2008-07-09,16.137501,16.4275,16.115,16.137501,3.605879,375600,-0.023301439
2008-07-10,16.327499,16.387501,16.129999,16.327499,3.648334,355200,0.011773694
2008-07-11,16.1625,16.275,16.004999,16.1625,3.611465,798000,-0.010105589
2008-07-14,16.0525,16.3125,16.047501,16.0525,3.586886,273200,-0.006805878
2008-07-15,15.9825,16.174999,15.875,15.9825,3.571244,806800,-0.004360691
2008-07-16,16.0875,16.125,15.925,16.0875,3.594707,442400,0.006569686
2008-07-17,16.1625,16.352501,16.1,16.1625,3.611465,321200,0.004662005
2008-07-18,16.4025,16.407499,16.252501,16.4025,3.665092,247600,0.014849188
2008-07-21,16.325001,16.6,16.309999,16.325001,3.647775,214800,-0.004724829
2008-07-22,16.725,16.75,16.497499,16.725,3.737154,186000,0.024502234
2008-07-23,16.4475,16.639999,16.4275,16.4475,3.675148,152000,-0.016591928
2008-07-24,16.102501,16.4475,15.985,16.102501,3.598058,634400,-0.020975771
2008-07-25,16.299999,16.477501,16.275,16.299999,3.642188,158400,0.012265051
2008-07-28,16.25,16.5,16.102501,16.25,3.631016,853200,-0.003067424
2008-07-29,16.2425,16.25,16.075001,16.2425,3.629341,204800,-0.000461538
2008-07-30,16.112499,16.1525,15.8825,16.112499,3.600292,150400,-0.008003756
2008-07-31,15.765,16.01,15.76,15.765,3.522645,559600,-0.021567046
2008-08-01,15.5075,15.8375,15.5075,15.5075,3.465107,445600,-0.01633365
2008-08-04,15.3,15.4875,15.3,15.3,3.418742,648400,-0.013380622
2008-08-05,15.45,15.54,15.3875,15.45,3.452259,322000,0.009803922
2008-08-06,15.425,15.4725,15.205,15.425,3.446673,480800,-0.001618123
2008-08-07,15.1325,15.2725,15.1325,15.1325,3.381314,354400,-0.018962723
2008-08-08,15.095,15.12,14.825,15.095,3.372935,232400,-0.00247811
2008-08-11,14.9375,15.0725,14.85,14.9375,3.337742,172400,-0.010433919
2008-08-12,14.975,15.1125,14.925,14.975,3.346121,310400,0.00251046
2008-08-13,14.85,15.025,14.7825,14.85,3.31819,248400,-0.008347245
2008-08-14,14.7125,14.925,14.7125,14.7125,3.287466,413600,-0.009259259
2008-08-15,14.5875,14.65,14.4925,14.5875,3.259536,428400,-0.008496177
2008-08-18,14.625,14.7625,14.45,14.625,3.267915,207600,0.002570694
2008-08-19,14.675,14.715,14.5,14.675,3.279088,355200,0.003418803
2008-08-20,14.6675,14.735,14.5025,14.6675,3.277411,371600,-0.000511073
2008-08-21,14.72,14.72,14.5,14.72,3.289143,369600,0.003579342
2008-08-22,14.57,14.6425,14.5125,14.57,3.255625,198400,-0.010190217
2008-08-25,14.3375,14.575,14.325,14.3375,3.203674,295600,-0.015957447
2008-08-26,14.3625,14.5375,14.2875,14.3625,3.20926,178000,0.001743679
2008-08-27,14.535,14.545,14.375,14.535,3.247805,260800,0.012010444
2008-08-28,14.425,14.535,14.36,14.425,3.223225,525600,-0.007567939
2008-08-29,14.3375,14.5,14.3375,14.3375,3.203674,270800,-0.006065858
2008-09-02,14.4,14.545,14.31,14.4,3.217639,392000,0.004359198
2008-09-03,14.4,14.45,14.3375,14.4,3.217639,220800,0
2008-09-04,13.83,14.275,13.8,13.83,3.090274,392800,-0.039583333
2008-09-05,13.65,13.825,13.55,13.65,3.050054,560800,-0.013015184
2008-09-08,13.5875,13.7625,13.465,13.5875,3.036088,265200,-0.004578755
2008-09-09,13.2625,13.525,13.1625,13.2625,2.963468,452000,-0.023919043
2008-09-10,13.095,13.335,13.05,13.095,2.926041,437600,-0.012629595
2008-09-11,13.25,13.25,12.87,13.25,2.960675,1250400,0.011836579
2008-09-12,13.375,13.375,13.225,13.375,2.988606,277200,0.009433962
2008-09-15,12.9025,12.9625,12.685,12.9025,2.883027,344400,-0.035327103
2008-09-16,12.4875,12.6775,12.2425,12.4875,2.790297,576800,-0.032164309
2008-09-17,12.015,12.25,11.7275,12.015,2.684718,568800,-0.037837838
2008-09-18,11.7075,11.9125,11.62,11.7075,2.616008,820400,-0.025593009
2008-09-19,12.7375,12.79,11.925,12.7375,2.846158,758800,0.087977792
2008-09-22,12.575,12.7375,12.3875,12.575,2.809848,434000,-0.012757605
2008-09-23,12.525,12.7125,12.425,12.525,2.798676,949600,-0.003976143
2008-09-24,12.5525,12.7875,12.4375,12.5525,2.804821,626000,0.002195609
2008-09-25,12.79,13.025,12.7875,12.79,2.857889,374400,0.018920534
2008-09-26,12.8,12.9125,12.5125,12.8,2.860124,848400,0.000781861
2008-09-29,11.7625,12.275,11.2625,11.7625,2.628297,672800,-0.081054688
2008-09-30,11.95,12,11.65,11.95,2.670193,471200,0.015940489
2008-10-01,11.8,11.875,11.5875,11.8,2.636677,312400,-0.012552301
2008-10-02,11.1225,11.5075,10.875,11.1225,2.485291,581200,-0.057415254
2008-10-03,11.2175,11.6,11,11.2175,2.506518,454000,0.008541245
2008-10-06,10.44,10.975,10.2625,10.44,2.332788,1361600,-0.069311344
2008-10-07,10.115,10.87,10.1125,10.115,2.260168,1721600,-0.031130268
2008-10-08,9.5775,9.925,8.875,9.5775,2.140065,1481600,-0.053138903
2008-10-09,9.1125,10.175,9.05,9.1125,2.036162,1428400,-0.048551292
2008-10-10,8.5,9.05,7.8875,8.5,1.899301,1479200,-0.067215364
2008-10-13,9.875,14.5,9.2875,9.875,2.206541,1116400,0.161764706
2008-10-14,9.78,10.4375,9.65,9.78,2.185313,1675200,-0.009620253
2008-10-15,8.5425,9.375,8.5375,8.5425,1.908797,1103600,-0.126533742
2008-10-16,8.3475,8.5425,7.875,8.3475,1.865225,1252800,-0.022827041
2008-10-17,8.2075,8.5275,8.0625,8.2075,1.833943,884400,-0.016771488
2008-10-20,8.3675,8.3675,8.165,8.3675,1.869694,888000,0.019494365
2008-10-21,8.1125,8.4625,8.0125,8.1125,1.812715,2097200,-0.030475052
2008-10-22,7.3075,7.8,7.25,7.3075,1.63284,1101200,-0.099229584
2008-10-23,7.5675,7.65,7.19,7.5675,1.690936,1253600,0.035579884
2008-10-24,7.0125,7.2,6.725,7.0125,1.566923,1146800,-0.073339941
2008-10-27,6.1625,6.3875,6.115,6.115,1.36638,1151200,-0.12798574
2008-10-28,6.425,6.9125,6.2375,6.8875,1.538993,945600,0.1263287
2008-10-29,7.8,8.1625,7.5375,7.925,1.770819,2045200,0.150635209
2008-10-30,8.125,8.3375,7.4125,7.8625,1.756853,521200,-0.007886435
2008-10-31,8.0875,8.4875,8,8.3225,1.859639,696400,0.058505564
2008-11-03,8.55,8.8625,8.55,8.6875,1.941197,351600,0.043857014
2008-11-04,9.1625,9.575,9.125,9.575,2.139506,381600,0.102158273
2008-11-05,8.95,9.2375,8.7625,8.765,1.958514,483200,-0.0845953
2008-11-06,8.5,8.6625,7.825,7.9125,1.768026,624800,-0.097261837
2008-11-07,8.0375,8.525,8.0375,8.3,1.854612,313200,0.048973144
2008-11-10,8.8875,9.025,8.5125,8.5875,1.918853,627600,0.034638554
2008-11-11,8.4625,8.55,8.1075,8.2375,1.840646,466400,-0.040756914
2008-11-12,7.975,8.1125,7.725,7.7375,1.728922,538800,-0.060698027
2008-11-13,7.9875,8.625,7.775,8.625,1.927232,692000,0.114701131
2008-11-14,8.3125,8.595,8.075,8.1625,1.823888,432000,-0.053623188
2008-11-17,8.12,8.3325,7.8875,8.1125,1.812715,1128000,-0.006125574
2008-11-18,7.8375,8.1375,7.8275,7.985,1.784226,736000,-0.015716487
2008-11-19,6.7875,7.1125,6.7125,6.7975,1.518882,1235600,-0.148716343
2008-11-20,6.9375,7.2225,6.685,6.7375,1.505475,2887200,-0.008826775
2008-11-21,7.125,7.15,6.62,6.8625,1.533406,1521600,0.018552876
2008-11-24,7.3875,7.9025,7.325,7.765,1.735067,1559200,0.13151184
2008-11-25,8.0625,8.2875,7.9375,8.155,1.822212,971200,0.05022537
2008-11-26,7.925,8.05,7.7875,7.985,1.784226,1351200,-0.020846107
2008-11-28,7.8125,7.9775,7.8,7.95,1.776405,336400,-0.004383219
2008-12-01,7.575,7.6125,7.2375,7.2675,1.623902,1129600,-0.085849057
2008-12-02,7.5325,7.6875,7.3375,7.5,1.675854,1574000,0.031991744
2008-12-03,7.12,7.3875,6.975,7.35,1.642336,1007200,-0.02
2008-12-04,7.33,7.585,7.26,7.425,1.659095,481200,0.010204082
2008-12-05,7.2325,7.4,6.9875,7.35,1.642336,1591600,-0.01010101
2008-12-08,7.875,9.5,7.875,7.9375,1.773612,1157600,0.079931973
2008-12-09,8.025,8.325,7.97,8.1125,1.812715,676000,0.022047244
2008-12-10,8.4375,8.625,8.385,8.55,1.910473,613200,0.053929122
2008-12-11,8.4,8.675,8.375,8.445,1.887012,917200,-0.012280702
2008-12-12,8.215,8.5,8.205,8.49,1.897067,512800,0.005328597
2008-12-15,8.73,8.7625,8.6,8.6825,1.94008,808400,0.022673734
2008-12-16,8.8575,10.325,8.8475,9.46,2.11381,660000,0.089547941
2008-12-17,9.14,9.625,9.13,9.485,2.119396,510800,0.002642706
2008-12-18,9.635,9.6625,9.2675,9.315,2.08141,508800,-0.017923036
2008-12-19,9.275,9.355,9.0475,9.075,2.027783,485600,-0.025764895
2008-12-22,9.05,9.2625,9.0125,9.0375,2.019404,463200,-0.004132231
2008-12-23,9.1575,9.2125,9.0275,9.05,2.022197,628000,0.001383126
2008-12-24,8.95,9.1125,8.95,9.025,2.01661,176000,-0.002762431
2008-12-26,9.055,9.1575,8.9875,9.15,2.044541,230800,0.013850416
2008-12-29,9.575,9.6025,9.375,9.415,2.103755,481600,0.028961749
2008-12-30,9.675,9.8375,9.675,9.8375,2.198162,503200,0.044875199
2008-12-31,9.575,9.9,9.575,9.8275,2.195927,691200,-0.001016518
2009-01-02,9.6,9.76,9.525,9.725,2.173024,864400,-0.010429916
2009-01-05,9.375,9.4975,9.3125,9.375,2.094817,340400,-0.035989717
2009-01-06,9.2775,9.43,9.15,9.3,2.078059,362400,-0.008
2009-01-07,9.1825,9.1825,8.9275,8.945,1.998735,695200,-0.038172043
2009-01-08,9.1625,9.2125,9.005,9.1375,2.041749,488000,0.021520402
2009-01-09,8.9675,8.9675,8.5775,8.635,1.929466,1173600,-0.05499316
2009-01-12,8.615,8.6525,8.45,8.525,1.904887,622800,-0.012738854
2009-01-13,8.3475,8.4275,8.3125,8.4125,1.87975,550400,-0.013196481
2009-01-14,8.075,8.1175,7.8275,7.8675,1.75797,274400,-0.064784547
2009-01-15,7.7775,7.7875,7.375,7.6975,1.719985,328400,-0.021607881
2009-01-16,7.95,7.9825,7.7625,7.8875,1.762439,247600,0.024683339
2009-01-20,7.5375,7.5925,7.255,7.3,1.631164,306800,-0.074484945
2009-01-21,7.4375,7.675,7.3275,7.6275,1.704343,439600,0.044863014
2009-01-22,7.3425,7.5125,7.34,7.5075,1.67753,455200,-0.015732547
2009-01-23,6.975,7.1875,6.925,7.1625,1.60044,461600,-0.045954046
2009-01-26,7.2375,7.5325,7.1825,7.2625,1.622785,362000,0.013961606
2009-01-27,7.2925,7.3525,7.1525,7.325,1.63675,346400,0.008605852
2009-01-28,7.53,7.5775,7.425,7.4875,1.673061,358800,0.0221843
2009-01-29,7.7625,7.805,7.52,7.5625,1.689819,1524800,0.010016694
2009-01-30,7.4875,7.5425,7.2125,7.275,1.625578,436400,-0.038016529
2009-02-02,7.035,7.25,7,7.1625,1.60044,316400,-0.015463918
2009-02-03,7.13,7.3925,7.065,7.375,1.647923,414400,0.029668412
2009-02-04,7.635,7.9125,7.6125,7.6875,1.71775,3741200,0.042372881
2009-02-05,7.5325,7.835,7.425,7.75,1.731716,493200,0.008130081
2009-02-06,8.2275,8.5375,8.2125,8.475,1.893715,507200,0.093548387
2009-02-09,8.4825,8.5875,7.13,8.535,1.907121,411200,0.007079646
2009-02-10,8.2925,8.4375,7.875,7.9025,1.765791,364400,-0.07410662
2009-02-11,8.01,8.0525,7.865,8,1.787577,279200,0.012337868
2009-02-12,7.7075,7.8125,7.55,7.7875,1.740095,757200,-0.0265625
2009-02-13,7.8875,7.9775,7.785,7.9125,1.768026,292000,0.016051364
2009-02-17,7.3825,7.4525,7.2325,7.2725,1.62502,473200,-0.080884676
2009-02-18,7.3,7.3375,7.11,7.2275,1.614964,423200,-0.006187693
2009-02-19,7.34,7.4,7.145,7.1625,1.60044,512400,-0.008993428
2009-02-20,6.845,7.07,6.8375,7,1.56413,1170400,-0.022687609
2009-02-23,7.0325,7.08,6.645,6.645,1.484807,576000,-0.050714286
2009-02-24,6.8375,7.0625,6.8225,7.0525,1.575861,782400,0.061324304
2009-02-25,6.945,6.9875,6.5275,6.68,1.492627,665200,-0.05281815
2009-02-26,7.2075,7.395,7.0425,7.0625,1.578096,1310400,0.057260479
2009-02-27,6.845,7.05,6.8175,6.8975,1.541227,579200,-0.023362832
2009-03-02,6.6875,6.8,6.4625,6.49,1.450172,1156800,-0.059079377
2009-03-03,6.66,6.6825,6.4325,6.5,1.452407,1412800,0.001540832
2009-03-04,6.8275,7.0625,6.7775,7,1.56413,1351200,0.076923077
2009-03-05,6.69,6.77,6.42,6.4625,1.444027,950000,-0.076785714
2009-03-06,6.625,6.7075,6.4375,6.5375,1.460786,1234400,0.011605416
2009-03-09,6.3525,6.5775,6.3525,6.45,1.441234,460400,-0.013384321
2009-03-10,7.05,7.3375,7.05,7.1525,1.598206,520800,0.108914729
2009-03-11,7.5125,7.655,7.4725,7.56,1.689261,388000,0.056973086
2009-03-12,7.45,7.9125,7.4125,7.9,1.765232,452000,0.044973545
2009-03-13,7.915,8.0325,7.755,7.8625,1.756853,387200,-0.004746835
2009-03-16,7.8625,7.95,7.7825,7.79,1.740653,317600,-0.009220986
2009-03-17,7.75,7.865,7.6375,7.8375,1.751267,261600,0.006097561
2009-03-18,7.775,8.075,7.62,8.01,1.789812,886800,0.022009569
2009-03-19,8.2625,8.3,8.0125,8.05,1.79875,440000,0.004993758
2009-03-20,7.99,8.1725,7.9025,8,1.787577,184400,-0.00621118
2009-03-23,8.1125,8.46,8.05,8.4375,1.885335,326400,0.0546875
2009-03-24,8.275,8.43,8.2025,8.2275,1.838411,446800,-0.024888889
2009-03-25,8.05,8.345,8.05,8.2325,1.839529,357200,0.000607718
2009-03-26,8.125,8.2625,8.0625,8.1725,1.826122,403600,-0.007288187
2009-03-27,7.8975,7.925,7.78,7.9,1.765232,277600,-0.03334353
2009-03-30,7.5125,7.5125,7.25,7.3325,1.638427,221600,-0.071835443
2009-03-31,7.51,7.6075,7.45,7.5725,1.692054,483600,0.032730992
2009-04-01,7.3925,7.7,7.345,7.675,1.714957,522400,0.01353582
2009-04-02,8.195,8.5,8.18,8.2625,1.846232,380800,0.076547231
2009-04-03,8.725,8.8125,8.6175,8.7625,1.957956,380400,0.060514372
2009-04-06,8.725,8.725,8.475,8.6375,1.930025,289200,-0.014265335
2009-04-07,8.3325,8.3625,8.2175,8.2725,1.848467,222000,-0.042257598
2009-04-08,8.3075,8.425,8.21,8.325,1.860198,446000,0.006346328
2009-04-09,8.855,8.99,8.8125,8.83,1.973038,415200,0.060660661
2009-04-13,8.7625,9.0375,8.7625,9.0125,2.013818,242400,0.020668177
2009-04-14,9.1,9.255,9.0575,9.15,2.044541,142800,0.015256588
2009-04-15,8.9,9.05,8.875,9.03,2.017728,136800,-0.013114754
2009-04-16,9,9,8.79,8.985,2.007673,386800,-0.004983389
2009-04-17,8.8275,8.875,8.7475,8.835,1.974156,150400,-0.016694491
2009-04-20,8.5125,8.525,8.3325,8.355,1.866901,165200,-0.054329372
2009-04-21,8.2275,8.46,8.1525,8.425,1.882542,302000,0.008378217
2009-04-22,8.3,8.655,8.25,8.5,1.899301,141600,0.008902077
2009-04-23,8.4375,8.525,8.355,8.5125,1.902094,252000,0.001470588
2009-04-24,8.875,9.025,8.8625,8.9775,2.005997,374400,0.054625551
2009-04-27,8.7625,9.015,8.7,8.78,1.961866,140400,-0.021999443
2009-04-28,8.35,8.35,7.975,8.2025,2.335992,357600,-0.065774487
2009-04-29,8.1375,8.3875,8.1175,8.215,2.339552,979200,0.001523926
2009-04-30,8.9,9.0825,8.775,8.825,2.513274,1388000,0.074254413
2009-05-01,8.75,8.9575,8.75,8.9575,2.551009,392000,0.015014164
2009-05-04,9.3225,9.7325,9.31,9.725,2.769586,191200,0.085682389
2009-05-05,9.8725,9.8975,9.6125,9.7125,2.766025,622400,-0.001285347
2009-05-06,9.89,9.89,9.6875,9.7875,2.787385,1288800,0.007722008
2009-05-07,9.84,9.875,9.5975,9.65,2.748225,179600,-0.014048531
2009-05-08,9.9875,10.155,9.905,10.1125,2.879942,275200,0.047927461
2009-05-11,9.935,10,9.77,9.9125,2.822984,404400,-0.019777503
2009-05-12,10.125,10.165,9.9325,10.0675,2.867126,228000,0.015636822
2009-05-13,9.6,9.605,9.46,9.505,2.706932,214400,-0.055872858
2009-05-14,9.275,9.4,9.22,9.3675,2.667773,731200,-0.01446607
2009-05-15,9.425,9.5575,9.295,9.325,2.655669,576800,-0.004536963
2009-05-18,9.5075,9.8,9.5075,9.7625,2.780265,1497200,0.04691689
2009-05-19,9.8,10,9.775,9.945,2.832239,826800,0.018693982
2009-05-20,10.465,10.6675,10.4375,10.4375,2.972498,408000,0.049522373
2009-05-21,10.275,10.325,10.1675,10.275,2.92622,359200,-0.015568862
2009-05-22,10.4025,10.5225,10.2825,10.4375,2.972498,350800,0.015815085
2009-05-26,10.045,10.73,10.045,10.6725,3.039425,844000,0.02251497
2009-05-27,10.5675,10.6375,10.425,10.435,2.971787,916000,-0.022253455
2009-05-28,10.4625,10.5475,10.24,10.46,2.978906,401200,0.002395783
2009-05-29,10.575,10.61,10.46,10.575,3.011657,213600,0.010994264
2009-06-01,11.1775,11.335,11.155,11.2,3.189651,396800,0.059101655
2009-06-02,11.2475,11.4425,11.21,11.395,3.245186,641600,0.017410714
2009-06-03,11.265,11.3075,11.1125,11.205,3.191075,314400,-0.01667398
2009-06-04,11.0875,11.1675,10.9975,11.1,3.161172,478800,-0.009370817
2009-06-05,11.2625,11.2775,10.8575,10.8975,3.103502,341600,-0.018243243
2009-06-08,10.725,10.8475,10.61,10.765,3.065768,342800,-0.012158752
2009-06-09,10.725,10.8975,10.7225,10.875,3.097094,490800,0.0102183
2009-06-10,11.04,11.05,10.7375,10.87,3.09567,612000,-0.00045977
2009-06-11,10.93,11.15,10.9125,11.03,3.141236,296000,0.014719411
2009-06-12,10.9675,11.1,10.925,11.0875,3.157612,570400,0.005213055
2009-06-15,10.775,10.7875,10.5775,10.6725,3.039425,172000,-0.037429538
2009-06-16,10.625,10.625,10.4175,10.4275,2.969651,269600,-0.022956196
2009-06-17,10.2675,10.3075,10.025,10.1725,2.897029,641200,-0.024454567
2009-06-18,10.0475,10.2525,10,10.0375,2.858583,223200,-0.013271074
2009-06-19,10.0625,10.2075,10.0125,10.1125,2.879942,192400,0.00747198
2009-06-22,9.8125,9.8225,9.665,9.7025,2.763178,320800,-0.040543881
2009-06-23,9.9,9.965,9.775,9.86,2.808032,331200,0.01623293
2009-06-24,9.9825,10.175,9.9075,9.95,2.833663,232800,0.009127789
2009-06-25,9.645,9.9125,9.64,9.875,2.812304,387600,-0.007537688
2009-06-26,9.9,9.9175,9.7625,9.9025,2.820136,155200,0.00278481
2009-06-29,10.1025,10.2775,10.0125,10.25,2.9191,133200,0.035092148
2009-06-30,10.25,10.2875,9.895,9.9375,2.830103,278800,-0.030487805
2009-07-01,10.105,10.3375,10.1025,10.235,2.914828,176800,0.029937107
2009-07-02,9.7875,9.85,9.625,9.6925,2.76033,258400,-0.053004397
2009-07-06,9.6,9.7325,9.55,9.71,2.765314,114400,0.00180552
2009-07-07,9.8325,9.8325,9.525,9.525,2.712628,1146400,-0.019052523
2009-07-08,9.5975,9.725,9.475,9.545,2.718323,1611200,0.002099738
2009-07-09,9.79,9.8125,9.625,9.75,2.776706,1226000,0.021477213
2009-07-10,9.7375,9.8625,9.5875,9.6775,2.756058,239600,-0.007435897
2009-07-13,10.025,10.1975,9.9475,10.1975,2.904149,358400,0.053732886
2009-07-14,10.27,10.4,10.2425,10.305,2.934764,564000,0.010541799
2009-07-15,10.7525,10.975,10.7525,10.975,3.125574,222400,0.065016982
2009-07-16,11.1625,11.2425,11.1,11.2125,3.193211,149600,0.021640091
2009-07-17,11.15,11.2325,11.095,11.165,3.179683,210400,-0.004236343
2009-07-20,11.3825,11.4625,11.245,11.3475,3.231658,192400,0.016345723
2009-07-21,11.82,11.85,11.5125,11.6,3.303567,246000,0.022251597
2009-07-22,11.5875,11.875,11.5875,11.8,3.360525,250800,0.017241379
2009-07-23,11.7375,12.33,11.68,12.235,3.484409,214400,0.036864407
2009-07-24,12.2375,12.3075,12.1275,12.26,3.491529,170000,0.002043318
2009-07-27,12.045,12.14,11.975,12.075,3.438842,132000,-0.015089723
2009-07-28,11.995,12.095,11.7625,12.095,3.444538,370400,0.001656315
2009-07-29,12.075,12.2525,12.045,12.2225,3.480849,285200,0.010541546
2009-07-30,11.7,12.0375,11.645,11.9875,3.413923,236400,-0.019226836
2009-07-31,12.245,12.5625,12.1925,12.5,3.559878,301200,0.042752868
2009-08-03,12.905,13.0925,12.86,13.0275,3.710105,235600,0.0422
2009-08-04,12.7175,12.885,12.695,12.825,3.652436,331200,-0.015544041
2009-08-05,12.9375,12.9575,12.6475,12.925,3.680914,257200,0.007797271
2009-08-06,12.7375,12.795,12.4925,12.5625,3.577678,156800,-0.028046422
2009-08-07,12.6,12.6525,12.4375,12.4725,3.552047,131600,-0.007164179
2009-08-10,12.375,12.5025,12.375,12.425,3.538519,126000,-0.003808378
2009-08-11,12.215,12.275,12.0525,12.2225,3.480849,1502000,-0.016297787
2009-08-12,12.1325,12.325,12.1325,12.2125,3.478001,1306000,-0.000818163
2009-08-13,12.765,12.88,12.6375,12.88,3.668099,298800,0.054657114
2009-08-14,12.6925,12.6925,12.3125,12.365,3.521432,300400,-0.039984472
2009-08-17,11.975,12.6,11.84,11.9625,3.406804,124800,-0.032551557
2009-08-18,12.0375,12.2375,12.0375,12.15,3.460202,796000,0.015673981
2009-08-19,12.0475,12.39,12.0375,12.3,3.50292,118400,0.012345679
2009-08-20,12.3875,12.675,12.3875,12.6125,3.591917,98400,0.025406504
2009-08-21,12.75,13.0025,12.725,12.925,3.680914,187600,0.024777007
2009-08-24,13.1225,13.2425,13.0175,13.0325,3.711529,197600,0.008317215
2009-08-25,13.5375,13.75,13.525,13.54,3.85606,369600,0.038941109
2009-08-26,13.1625,13.225,13.0275,13.1075,3.732889,421600,-0.031942393
2009-08-27,13.025,13.22,12.82,13.125,3.737872,370000,0.001335113
2009-08-28,13.345,13.43,13.1525,13.1575,3.747128,227200,0.00247619
2009-08-31,13,13.1675,12.9525,13.06,3.719361,196400,-0.007410222
2009-09-01,13.0875,13.3525,12.7325,12.7975,3.644604,229600,-0.020099541
2009-09-02,12.5025,12.7875,12.485,12.7175,3.62182,350400,-0.006251221
2009-09-03,12.4125,12.4525,12.2,12.325,3.51004,620400,-0.030862984
2009-09-04,12.3875,12.575,12.2825,12.555,3.575542,353200,0.018661258
2009-09-08,13.2,13.2975,13.1625,13.2,3.759232,208400,0.051373955
2009-09-09,13.19,13.32,13.1275,13.2375,3.769911,124000,0.002840909
2009-09-10,12.99,13.175,12.8825,13.15,3.744992,158800,-0.006610009
2009-09-11,13.2675,13.335,13.1,13.15,3.744992,206000,0
2009-09-14,12.915,13.1425,12.915,13.1425,3.742856,164400,-0.000570342
2009-09-15,13.175,13.24,13.0025,13.2,3.759232,150000,0.004375119
2009-09-16,13.4625,13.5275,13.395,13.5125,3.848229,252000,0.023674242
2009-09-17,13.44,13.5125,13.3525,13.415,3.820462,263600,-0.007215541
2009-09-18,13.9375,13.9575,13.56,13.6625,3.890947,255600,0.018449497
2009-09-21,13.3475,13.4,13.235,13.35,3.80195,131200,-0.022872827
2009-09-22,13.6625,13.6725,13.555,13.6375,3.883827,132000,0.021535581
2009-09-23,13.645,13.645,13.2925,13.3175,3.792695,240400,-0.023464711
2009-09-24,13.4625,13.5025,13.0075,13.075,3.723633,402400,-0.018209123
2009-09-25,12.875,13.0125,12.8475,12.91,3.676642,482800,-0.012619503
2009-09-28,13.0175,13.335,13.0175,13.2725,3.779879,92400,0.028079009
2009-09-29,13.175,13.235,13.0475,13.11,3.7336,150400,-0.01224336
2009-09-30,13.275,13.35,13,13.25,3.773471,430800,0.010678871
2009-10-01,12.965,13,12.56,12.5875,3.584797,216800,-0.05
2009-10-02,12.4325,12.55,12.38,12.435,3.541367,163200,-0.012115194
2009-10-05,12.5025,12.785,12.475,12.76,3.633924,355600,0.026135907
2009-10-06,12.9275,13.3275,12.9275,13.1875,3.755672,295600,0.033503135
2009-10-07,13.3475,13.425,13.2125,13.315,3.791982,170800,0.009668246
2009-10-08,13.7175,13.875,13.635,13.765,3.920138,278800,0.03379647
2009-10-09,13.8075,13.905,13.725,13.775,3.922986,237200,0.00072648
2009-10-12,14.1375,14.3,14.07,14.1375,4.026223,159200,0.026315789
2009-10-13,14.1125,14.17,13.9575,14,3.987064,85200,-0.009725906
2009-10-14,15.06,15.1375,14.95,15.1125,4.303893,296000,0.079464286
2009-10-15,14.88,15.0375,14.8725,15.0375,4.282534,529600,-0.004962779
2009-10-16,14.725,14.775,14.545,14.75,4.200657,676000,-0.019118869
2009-10-19,15.05,15.295,14.9975,15.2525,4.343764,204400,0.034067797
2009-10-20,15.1675,15.2075,14.8125,14.98,4.266158,448400,-0.017865924
2009-10-21,14.7625,15.2,14.7625,15.025,4.278974,396400,0.003004005
2009-10-22,14.7625,14.9625,14.625,14.9625,4.261175,300000,-0.004159734
2009-10-23,14.925,14.95,14.6,14.6475,4.171466,408800,-0.021052632
2009-10-26,14.72,14.8925,14.2,14.25,4.058261,310400,-0.027137737
2009-10-27,14.0875,14.1875,13.905,14.1,4.015543,421600,-0.010526316
2009-10-28,13.9625,14.03,13.545,13.5875,3.869588,490000,-0.036347518
2009-10-29,13.7425,13.955,13.65,13.8775,3.952177,412400,0.021343146
2009-10-30,13.79,13.9775,13.2875,13.4,3.81619,277200,-0.034408215
2009-11-02,13.2675,13.6775,13.25,13.3475,3.801238,374000,-0.00391791
2009-11-03,13.25,13.4575,13.225,13.405,3.817614,1075600,0.004307923
2009-11-04,13.625,13.7825,13.5575,13.625,3.880267,334000,0.016411787
2009-11-05,14,14.1275,13.925,14.065,4.005575,245600,0.032293578
2009-11-06,13.775,14.0525,13.775,13.95,3.972824,218000,-0.008176324
2009-11-09,14.2575,14.5,14.25,14.5,4.129459,915200,0.039426523
2009-11-10,14.51,14.6275,14.375,14.52,4.135155,650000,0.00137931
2009-11-11,14.85,14.9225,14.65,14.75,4.200657,292800,0.01584022
2009-11-12,14.745,14.85,14.5275,14.55,4.143698,432400,-0.013559322
2009-11-13,14.5875,14.8825,14.505,14.8625,4.232696,360400,0.021477663
2009-11-16,15.22,15.415,15.2125,15.325,4.364411,247200,0.031118587
2009-11-17,15.075,15.19,14.9675,15.1125,4.303893,194000,-0.013866232
2009-11-18,15.2025,15.2875,14.995,15.1025,4.301045,109200,-0.000661704
2009-11-19,15.0125,15.05,14.7475,14.9,4.243375,114400,-0.013408376
2009-11-20,14.7125,14.875,14.7125,14.8125,4.218456,184400,-0.005872483
2009-11-23,15.365,15.625,15.365,15.4175,4.390754,211200,0.040843882
2009-11-24,15.5825,15.625,15.25,15.4325,4.395026,172000,0.00097292
2009-11-25,15.65,15.8375,15.605,15.81,4.502534,138400,0.024461364
2009-11-27,14.88,15.37,14.85,15.1275,4.308165,191600,-0.04316888
2009-11-30,15.0625,15.3275,15.015,15.1475,4.313861,200000,0.001322096
2009-12-01,15.4,15.5,15.2975,15.4125,4.38933,159600,0.017494636
2009-12-02,15.5875,15.75,15.58,15.64,4.45412,254800,0.014760746
2009-12-03,15.7875,15.8925,15.4525,15.4525,4.400722,401600,-0.011988491
2009-12-04,15.7475,15.8,15.3925,15.4725,4.406417,298400,0.001294289
2009-12-07,15.725,15.86,15.6675,15.7075,4.473343,106000,0.015188237
2009-12-08,15.3375,15.3375,15.045,15.0825,4.29535,219200,-0.039789909
2009-12-09,15.4,15.4675,15.1875,15.36,4.374378,158800,0.018398807
2009-12-10,15.6175,15.7125,15.44,15.4875,4.410689,159600,0.008300781
2009-12-11,15.83,15.8575,15.6625,15.7525,4.486158,152800,0.017110573
2009-12-14,15.76,15.8375,15.635,15.7125,4.474767,176800,-0.002539279
2009-12-15,15.5,15.6875,15.495,15.5675,4.433472,134400,-0.009228321
2009-12-16,15.78,15.96,15.78,15.8225,4.506094,233600,0.016380279
2009-12-17,15.595,15.605,15.37,15.4075,4.387907,214800,-0.026228472
2009-12-18,15.6275,15.6725,15.31,15.45,4.40001,443200,0.002758397
2009-12-21,15.4975,15.6,15.4825,15.5,4.414249,173600,0.003236246
2009-12-22,15.66,15.6975,15.47,15.5625,4.432048,174000,0.004032258
2009-12-23,15.65,15.75,15.63,15.7425,4.483311,191200,0.011566265
2009-12-24,15.725,15.875,15.725,15.8375,4.510366,131600,0.00603462
2009-12-28,15.7875,15.8375,15.7425,15.8025,4.500399,162800,-0.002209945
2009-12-29,15.8125,15.85,15.66,15.72,4.476903,110400,-0.005220693
2009-12-30,15.5625,15.625,15.5375,15.575,4.435608,167200,-0.009223919
2009-12-31,15.5375,15.6525,15.48,15.525,4.421369,91600,-0.003210273
2010-01-04,15.9825,16.172501,15.9825,16.049999,4.570884,275600,0.033816361
2010-01-05,15.95,16.049999,15.8375,15.9,4.528165,285600,-0.009345733
2010-01-06,15.955,16.040001,15.945,16.012501,4.560205,152400,0.007075535
2010-01-07,15.8375,15.885,15.7425,15.805,4.50111,109200,-0.012958688
2010-01-08,15.75,15.87,15.7425,15.87,4.519622,772400,0.004112623
2010-01-11,15.8775,15.94,15.74,15.8475,4.513214,919200,-0.001417769
2010-01-12,15.275,15.31,15.115,15.1625,4.318132,872400,-0.043224483
2010-01-13,15.395,15.4525,15.25,15.4275,4.393602,781600,0.017477329
2010-01-14,15.3475,15.435,15.3325,15.4,4.38577,338400,-0.001782531
2010-01-15,15.1525,15.1625,14.8425,14.9425,4.255478,490000,-0.029707792
2010-01-19,15,15.3575,15,15.3575,4.373667,373200,0.02777313
2010-01-20,14.95,15.0025,14.6,14.725,4.193537,612000,-0.041185089
2010-01-21,14.7825,14.855,14.2525,14.3075,4.074636,345600,-0.028353141
2010-01-22,14.215,14.3375,14.065,14.075,4.008424,450000,-0.016250218
2010-01-25,14.25,14.2775,14.1125,14.15,4.029783,199200,0.005328597
2010-01-26,13.935,14.1275,13.8925,13.975,3.979944,339600,-0.012367491
2010-01-27,14.1375,14.255,14.02,14.25,4.058261,301200,0.019677996
2010-01-28,14.4,14.455,13.95,14.1,4.015543,972800,-0.010526316
2010-01-29,14.2875,14.425,14.145,14.1875,4.040462,901600,0.006205674
2010-02-01,14.3125,14.5325,14.3125,14.5075,4.131595,511200,0.022555066
2010-02-02,14.525,14.7,14.445,14.7,4.186417,316800,0.013268999
2010-02-03,14.7375,14.8625,14.6,14.685,4.182146,345200,-0.001020408
2010-02-04,14.16,14.16,13.745,13.75,3.915867,543200,-0.063670412
2010-02-05,13.625,13.7,13.2525,13.555,3.860332,656000,-0.014181818
2010-02-08,13.625,13.8025,13.48,13.5125,3.848229,347600,-0.003135374
2010-02-09,13.65,13.9875,13.6125,13.9275,3.966416,371600,0.030712303
2010-02-10,13.92,13.99,13.75,13.855,3.94577,215200,-0.005205529
2010-02-11,13.7525,13.9,13.5375,13.87,3.950041,140400,0.001082642
2010-02-12,13.6,13.75,13.475,13.705,3.903051,153200,-0.011896179
2010-02-16,13.7125,14.0925,13.6625,14.05,4.001304,177200,0.025173294
2010-02-17,14.3125,14.3375,14.1,14.15,4.029783,153200,0.007117438
2010-02-18,14.2,14.3675,14.19,14.3375,4.083181,113200,0.013250883
2010-02-19,14.075,14.265,14.0325,14.2225,4.050429,136400,-0.008020924
2010-02-22,14.315,14.35,14.175,14.235,4.053989,94800,0.000878889
2010-02-23,14.0875,14.15,13.8725,13.9125,3.962145,174800,-0.022655427
2010-02-24,13.7225,13.8525,13.6325,13.74,3.913018,370000,-0.012398922
2010-02-25,13.95,14.0525,13.825,14.05,4.001304,206800,0.022561863
2010-02-26,13.9875,14.1075,13.8125,14.0825,4.01056,166000,0.002313167
2010-03-01,14.1875,14.285,14.1125,14.225,4.051142,153600,0.010118942
2010-03-02,14.215,14.325,14.1825,14.275,4.065381,206400,0.003514938
2010-03-03,14.325,14.5,14.325,14.4,4.100979,145200,0.008756567
2010-03-04,14.3625,14.3625,14.1025,14.175,4.036902,191200,-0.015625
2010-03-05,14.4,14.74,14.4,14.705,4.187841,318800,0.037389771
2010-03-08,14.775,14.8375,14.685,14.7525,4.201368,2663200,0.003230194
2010-03-09,14.6375,14.7625,14.6375,14.6875,4.182858,122400,-0.004406033
2010-03-10,14.925,15.1,14.925,15.0625,4.289653,355200,0.025531915
2010-03-11,15.085,15.225,15.0175,15.2075,4.330948,855200,0.009626556
2010-03-12,15.275,15.3,15.1375,15.2125,4.332372,861600,0.000328785
2010-03-15,15.075,15.075,14.87,15.0375,4.282534,256800,-0.011503698
2010-03-16,15.0875,15.2625,15.065,15.2225,4.33522,422000,0.012302577
2010-03-17,15.2875,15.3675,15.265,15.275,4.350171,562400,0.003448842
2010-03-18,15.35,15.3675,15.125,15.2125,4.332372,513600,-0.004091653
2010-03-19,15.175,15.175,14.8875,14.975,4.264735,348400,-0.015612161
2010-03-22,14.8625,15.165,14.8475,15.125,4.307453,232400,0.010016694
2010-03-23,15.15,15.265,15.0775,15.22,4.334508,142800,0.006280992
2010-03-24,14.8875,14.975,14.85,14.9,4.243375,177600,-0.021024967
2010-03-25,15.1,15.1425,14.87,14.875,4.236256,469600,-0.001677852
2010-03-26,15.0625,15.2125,15.0625,15.1625,4.318132,116400,0.019327731
2010-03-29,15.2125,15.335,15.2125,15.335,4.367259,129600,0.011376752
2010-03-30,15.4625,15.51,15.315,15.35,4.371531,103600,0.000978155
2010-03-31,15.425,15.6,15.39,15.575,4.435608,172400,0.01465798
2010-04-01,15.8,15.925,15.7625,15.9125,4.531725,295200,0.021669342
2010-04-05,15.9,15.9625,15.825,15.9375,4.538844,128800,0.001571092
2010-04-06,15.725,15.7875,15.69,15.775,4.492566,185200,-0.010196078
2010-04-07,15.65,15.65,15.45,15.5,4.414249,142000,-0.017432647
2010-04-08,15.2725,15.5125,15.25,15.4875,4.410689,260800,-0.000806452
2010-04-09,15.58,15.85,15.58,15.8275,4.507518,308000,0.021953188
2010-04-12,15.825,15.975,15.79,15.935,4.538133,97600,0.006791976
2010-04-13,15.845,15.94,15.6525,15.8925,4.52603,248400,-0.002667085
2010-04-14,15.8375,16,15.8,16,4.556644,117200,0.006764197
2010-04-15,15.75,15.8625,15.7,15.8,4.499686,117600,-0.0125
2010-04-16,15.7375,15.7875,15.4225,15.55,4.428489,250800,-0.015822785
2010-04-19,15.2725,15.4625,15.2725,15.435,4.395738,132000,-0.007395498
2010-04-20,15.5375,15.585,15.425,15.575,4.435608,316800,0.009070295
2010-04-21,15.62,15.7075,15.475,15.55,4.428489,151600,-0.001605136
2010-04-22,15.4,15.5625,15.25,15.5625,4.432048,131600,0.000803859
2010-04-23,15.6925,16.0625,15.6375,16.025,4.563764,406400,0.029718876
2010-04-26,16.025,16.397499,16,16,4.556644,138800,-0.001560062
2010-04-27,15.5875,15.6625,14.85,14.85,4.704636,234800,-0.071875
2010-04-28,14.825,14.9275,14.5925,14.8425,4.70226,6434000,-0.000505051
2010-04-29,14.625,14.7725,14.4375,14.675,4.649195,7172800,-0.011285161
2010-04-30,14.7375,14.8325,14.5,14.5125,4.597713,350000,-0.011073254
2010-05-03,14.6375,14.8125,14.6,14.775,4.680875,145600,0.018087855
2010-05-04,14.3,14.325,14,14.0375,4.447227,266800,-0.049915398
2010-05-05,13.575,13.775,13.55,13.6,4.308623,252800,-0.031166518
2010-05-06,13.6125,13.775,12.6875,13.245,4.196156,367200,-0.026102941
2010-05-07,13.35,13.47,12.845,13.1075,4.152595,598000,-0.010381276
2010-05-10,13.94,14.1,13.8325,13.925,4.411586,180000,0.062368873
2010-05-11,13.6625,14,13.6625,13.865,4.392578,256000,-0.004308797
2010-05-12,14.1375,14.325,14.1375,14.325,4.538311,213200,0.033177065
2010-05-13,14.3525,14.445,14.19,14.225,4.50663,87600,-0.006980803
2010-05-14,14.2125,14.2675,13.62,13.7875,4.368025,224800,-0.030755712
2010-05-17,13.975,14.0425,13.65,13.975,4.427428,140800,0.013599275
2010-05-18,14.1125,14.1775,13.685,13.7375,4.352185,336400,-0.016994633
2010-05-19,13.5125,13.69,13.3575,13.68,4.333968,174400,-0.004185623
2010-05-20,13.1375,13.375,12.78,13.195,4.180315,290800,-0.035453216
2010-05-21,12.95,13.255,12.8775,13.195,4.180315,463600,0
2010-05-24,13.0375,13.1175,12.875,12.875,4.078935,244000,-0.02425161
2010-05-25,12.35,12.675,12.2975,12.675,4.015574,710800,-0.015533981
2010-05-26,12.8125,12.965,12.5,12.57,3.982308,198400,-0.008284024
2010-05-27,13.125,13.4375,13.08,13.4375,4.257142,241200,0.069013524
2010-05-28,13.235,13.3375,12.9875,13.0625,4.138337,328800,-0.027906977
2010-06-01,12.825,13.37,12.825,12.9875,4.114576,505600,-0.005741627
2010-06-02,13.075,13.2625,13,13.1675,4.171602,132800,0.01385948
2010-06-03,13.4275,13.4675,13.1825,13.2125,4.185859,100800,0.003417505
2010-06-04,12.8875,13.0125,12.625,12.6775,4.016365,288000,-0.040491958
2010-06-07,12.8575,12.8925,12.6525,12.7,4.023494,224000,0.001774798
2010-06-08,12.74,12.98,12.665,12.98,4.1122,182000,0.022047244
2010-06-09,13.1625,13.3975,13,13.075,4.142297,162400,0.007318952
2010-06-10,13.5875,13.755,13.475,13.66,4.327632,153200,0.044741874
2010-06-11,13.3925,13.675,13.375,13.625,4.316543,116000,-0.002562225
2010-06-14,13.9775,14.0625,13.8375,13.925,4.411586,557200,0.022018349
2010-06-15,14.0625,14.3075,14.055,14.1575,4.485245,624000,0.016696589
2010-06-16,14.2625,14.35,14.225,14.2625,4.51851,96000,0.007416564
2010-06-17,14.4,14.4775,14.275,14.4475,4.57712,135600,0.012971078
2010-06-18,14.3625,14.3875,14.2375,14.265,4.519302,79200,-0.012631943
2010-06-21,14.5375,14.55,14.2775,14.2825,4.524846,312000,0.001226779
2010-06-22,14.3075,14.415,14.145,14.155,4.484452,280000,-0.008927009
2010-06-23,14.44,14.575,14.2725,14.46,4.58108,162800,0.021547156
2010-06-24,14.4,14.4025,14.1875,14.2625,4.51851,200800,-0.013658368
2010-06-25,14.15,14.3675,14.105,14.35,4.54623,207200,0.006134969
2010-06-28,14.4875,14.725,14.3375,14.5875,4.621473,265200,0.016550523
2010-06-29,14.0125,14.0125,13.6875,13.755,4.357728,238000,-0.057069409
2010-06-30,13.775,13.88,13.6075,13.7125,4.344265,132000,-0.003089786
2010-07-01,13.9,13.9625,13.6375,13.785,4.367232,325200,0.005287147
2010-07-02,13.8625,13.9975,13.65,13.7,4.340304,299200,-0.006166123
2010-07-06,14.075,14.2875,13.875,14.0175,4.440891,334400,0.023175182
2010-07-07,13.825,14.2425,13.8225,14.2375,4.51059,264400,0.015694667
2010-07-08,14.275,14.3475,14.2,14.3125,4.534351,89200,0.005267779
2010-07-09,14.4225,14.525,14.4,14.5,4.593753,78000,0.013100437
2010-07-12,14.4375,14.58,14.4025,14.495,4.592169,214000,-0.000344828
2010-07-13,14.7325,14.815,14.695,14.76,4.676123,131600,0.018282166
2010-07-14,14.675,14.8225,14.6225,14.6825,4.65157,307200,-0.005250678
2010-07-15,15,15,14.7125,14.9125,4.724437,187200,0.015664907
2010-07-16,14.975,14.975,14.4325,14.4325,4.572368,143600,-0.032187762
2010-07-19,14.5125,14.6,14.35,14.4875,4.589793,146400,0.003810844
2010-07-20,14.01,14.3575,14.005,14.3575,4.548608,112800,-0.008973253
2010-07-21,14.4625,14.4625,14.015,14.0375,4.447227,62400,-0.022288003
2010-07-22,14.555,14.8675,14.555,14.7525,4.673746,154400,0.050934996
2010-07-23,14.9375,15.1125,14.875,15.1125,4.787799,184000,0.024402644
2010-07-26,15.075,15.2,15.0175,15.1625,4.80364,284000,0.003308519
2010-07-27,15.0375,15.0725,14.8625,15.0525,4.768791,317200,-0.00725474
2010-07-28,14.71,15.0375,14.6625,15.025,4.760077,474000,-0.001826939
2010-07-29,14.975,15.0175,14.3875,14.525,4.601672,378000,-0.03327787
2010-07-30,14.25,14.64,14.2125,14.625,4.633353,398000,0.006884682
2010-08-02,15.1375,15.325,15.055,15.3075,4.849577,159600,0.046666667
2010-08-03,15.125,15.2375,15.03,15.205,4.817104,146800,-0.006696064
2010-08-04,15.2925,15.4175,15.2025,15.27,4.837697,103200,0.00427491
2010-08-05,14.97,15.0525,14.9175,15.0525,4.768791,84800,-0.014243615
2010-08-06,14.9375,15.1325,14.8125,15.0075,4.754534,108800,-0.002989537
2010-08-09,15.135,15.175,15.06,15.1125,4.787799,121600,0.006996502
2010-08-10,14.8275,15.065,14.7425,14.9975,4.751366,122000,-0.007609595
2010-08-11,14.45,14.45,14.13,14.2,4.498709,1160000,-0.053175529
2010-08-12,14.25,14.35,14.2075,14.2725,4.521678,84800,0.005105634
2010-08-13,14.0725,14.1425,13.9375,13.9375,4.415546,120000,-0.023471711
2010-08-16,13.8875,14.065,13.8475,14.065,4.455939,186000,0.009147982
2010-08-17,14.29,14.4,14.235,14.3625,4.550191,194800,0.021151795
2010-08-18,14.35,14.39,14.195,14.325,4.538311,114000,-0.002610966
2010-08-19,14.2,14.24,13.855,14,4.435347,170000,-0.022687609
2010-08-20,13.6325,13.6325,13.4375,13.5625,4.296743,203600,-0.03125
2010-08-23,13.565,13.66,13.5075,13.515,4.281694,162800,-0.003502304
2010-08-24,13.245,13.33,13.12,13.2375,4.193779,215200,-0.020532741
2010-08-25,13,13.1025,12.925,13.075,4.142297,156000,-0.012275732
2010-08-26,13.325,13.4925,13.2025,13.285,4.208827,132800,0.016061185
2010-08-27,13.35,13.4475,13.06,13.4,4.245262,162000,0.008656379
2010-08-30,13.15,13.2475,13.0775,13.0775,4.143089,114800,-0.024067164
2010-08-31,13.0875,13.2375,13.05,13.16,4.169226,249200,0.006308545
2010-09-01,13.575,13.7825,13.55,13.71,4.343472,169200,0.041793313
2010-09-02,13.75,13.84,13.7125,13.775,4.364065,913600,0.004741065
2010-09-03,13.9775,14.08,13.9175,13.9775,4.428219,107200,0.014700544
2010-09-07,13.705,13.7075,13.5625,13.6,4.308623,200800,-0.027007691
2010-09-08,13.5475,13.7425,13.525,13.7,4.340304,420800,0.007352941
2010-09-09,13.925,13.925,13.7375,13.8125,4.375946,339600,0.008211679
2010-09-10,13.825,13.9375,13.8125,13.905,4.405251,410000,0.006696833
2010-09-13,14.29,14.4225,14.29,14.4125,4.566032,232800,0.036497663
2010-09-14,14.475,14.745,14.43,14.705,4.658698,400400,0.020294883
2010-09-15,14.5125,14.705,14.495,14.7,4.657114,258000,-0.00034002
2010-09-16,14.725,14.825,14.6625,14.82,4.695131,160400,0.008163265
2010-09-17,14.6875,14.7525,14.5625,14.6375,4.637314,154400,-0.01231444
2010-09-20,14.6625,14.925,14.64,14.9075,4.722853,266000,0.018445773
2010-09-21,15,15.0875,14.825,14.9875,4.748198,266400,0.005366426
2010-09-22,15.325,15.475,15.225,15.2625,4.83532,176000,0.018348624
2010-09-23,15.155,15.275,15.0275,15.15,4.799679,207200,-0.007371007
2010-09-24,15.6,15.8375,15.55,15.8,5.005607,257200,0.04290429
2010-09-27,15.8125,15.8125,15.65,15.6525,4.958877,159600,-0.009335443
2010-09-28,15.7625,15.93,15.4625,15.875,5.029367,226000,0.014214982
2010-09-29,15.8075,15.9,15.7175,15.8,5.005607,266000,-0.004724409
2010-09-30,16.014999,16.08,15.6875,15.7875,5.001646,123600,-0.000791139
2010-10-01,16.25,16.2875,16,16.155001,5.118074,338800,0.023277973
2010-10-04,15.93,16.092501,15.8325,15.855,5.023031,155200,-0.018570163
2010-10-05,16.112499,16.469999,16.112499,16.424999,5.203612,400800,0.035950741
2010-10-06,16.5975,16.862499,16.594999,16.82,5.328753,364800,0.024048769
2010-10-07,16.8125,16.8125,16.485001,16.575001,5.251134,188000,-0.014565933
2010-10-08,16.8125,16.987499,16.797501,16.9375,5.365978,1342400,0.021870225
2010-10-11,16.9,16.9625,16.7925,16.8125,5.326377,86000,-0.007380074
2010-10-12,16.705,16.9175,16.469999,16.8825,5.348553,384800,0.004163569
2010-10-13,17.200001,17.4575,17.16,17.33,5.490327,462400,0.026506738
2010-10-14,17.58,17.67,17.512501,17.645,5.590122,297200,0.018176572
2010-10-15,17.737499,17.924999,17.615,17.924999,5.678829,532000,0.015868461
2010-10-18,17.725,17.965,17.67,17.934999,5.681997,450000,0.00055788
2010-10-19,17.387501,17.5425,17.290001,17.35,5.496663,421600,-0.032617733
2010-10-20,17.7875,18.245001,17.7875,18.15,5.750111,295600,0.04610951
2010-10-21,18.275,18.4625,18.174999,18.25,5.781791,230400,0.005509642
2010-10-22,18.475,18.557501,18.352501,18.424999,5.837234,72000,0.009588986
2010-10-25,18.625,18.684999,18.475,18.549999,5.876835,142400,0.006784261
2010-10-26,18.252501,18.360001,18.15,18.237499,5.777831,232400,-0.016846362
2010-10-27,18.137501,18.1625,17.905001,17.9575,5.689125,174400,-0.015352928
2010-10-28,18.137501,18.2425,18.057501,18.2325,5.776248,165600,0.015313936
2010-10-29,18.1625,18.264999,18.137501,18.174999,5.758031,129200,-0.003153764
2010-11-01,18.35,18.415001,18.0825,18.155001,5.751695,131200,-0.001100303
2010-11-02,18.7675,19.049999,18.762501,19.014999,6.024151,379600,0.047369758
2010-11-03,19.012501,19.200001,18.879999,19.155001,6.068506,191600,0.007362714
2010-11-04,19.985001,20.219999,19.85,19.942499,6.317993,285200,0.041111875
2010-11-05,20,20.27,19.952499,20.105,6.369476,247600,0.008148477
2010-11-08,19.75,19.8375,19.672501,19.799999,6.272848,123600,-0.015170405
2010-11-09,20.035,20.084999,19.592501,19.625,6.217407,250800,-0.008838334
2010-11-10,19.5,19.547501,19.135,19.3575,6.13266,365200,-0.013630573
2010-11-11,19.385,19.4175,19.247499,19.334999,6.125531,392400,-0.001162392
2010-11-12,19.1875,19.3825,19.0625,19.129999,6.060585,359200,-0.010602535
2010-11-15,19.512501,19.58,19.3575,19.385,6.141372,240000,0.013329901
2010-11-16,19.049999,19.07,18.4725,18.512501,5.864955,425600,-0.045008976
2010-11-17,18.594999,18.799999,18.545,18.735001,5.935445,183600,0.012018905
2010-11-18,19.235001,19.5,19.235001,19.477501,6.170677,202800,0.039631703
2010-11-19,19.5,19.657499,19.33,19.657499,6.227703,193600,0.009241329
2010-11-22,19.682501,19.844999,19.525,19.717501,6.246712,146800,0.003052372
2010-11-23,19.225,19.32,18.969999,19.0375,6.031281,224000,-0.03448718
2010-11-24,19.442499,19.6675,19.42,19.6,6.209486,188800,0.029546947
2010-11-26,19.34,19.432501,19.254999,19.282499,6.108898,84800,-0.016199031
2010-11-29,18.782499,18.782499,18.35,18.629999,5.90218,192400,-0.033838975
2010-11-30,18.495001,18.85,18.467501,18.772499,5.947325,154400,0.007648954
2010-12-01,19.190001,19.547501,19.190001,19.547501,6.192852,217600,0.041283902
2010-12-02,19.280001,19.8325,19.2775,19.799999,6.272848,188000,0.01291715
2010-12-03,19.715,19.91,19.715,19.870001,6.295025,152800,0.003535455
2010-12-06,19.950001,20.049999,19.860001,19.967501,6.325913,320800,0.004906895
2010-12-07,20.5875,20.6325,20.219999,20.219999,6.405909,176000,0.012645448
2010-12-08,20.1525,20.299999,20.035,20.1975,6.398781,255600,-0.00111271
2010-12-09,19.987499,20.057501,19.754999,20.049999,6.35205,207600,-0.007302934
2010-12-10,19.924999,20.0875,19.9125,20.057501,6.354426,76800,0.000374165
2010-12-13,20.215,20.407499,20.200001,20.3225,6.438382,174400,0.013211965
2010-12-14,20.32,20.4625,20.297501,20.334999,6.44234,218400,0.000615033
2010-12-15,20.26,20.525,20.227501,20.252501,6.416205,211600,-0.004056946
2010-12-16,20.237499,20.440001,20.1975,20.4375,6.474815,144000,0.009134625
2010-12-17,20.342501,20.342501,20.025,20.127501,6.376605,201200,-0.015168147
2010-12-20,20.174999,20.200001,19.9625,20.084999,6.363139,291200,-0.002111638
2010-12-21,20.245001,20.2775,20.155001,20.200001,6.399573,206000,0.005725766
2010-12-22,20.1525,20.2225,20.15,20.182501,6.394028,173200,-0.000866337
2010-12-23,20.075001,20.15,20.004999,20.15,6.383732,128000,-0.001610355
2010-12-27,19.915001,19.997499,19.895,19.9475,6.319578,204000,-0.010049628
2010-12-28,20.02,20.047501,19.815001,19.870001,6.295025,201200,-0.003885149
2010-12-29,20.08,20.280001,20.0625,20.237499,6.411452,178000,0.018495117
2010-12-30,19.775,19.950001,19.6975,19.6975,6.240375,111600,-0.02668309
2010-12-31,19.875,19.99,19.85,19.99,6.333042,123600,0.0148496
2011-01-03,20.172501,20.2125,20.129999,20.129999,6.377395,100800,0.007003452
2011-01-04,20.1,20.1175,19.469999,19.612499,6.213446,189600,-0.0257079
2011-01-05,18.7875,19.1875,18.7875,19.174999,6.074841,320800,-0.022307203
2011-01-06,19.08,19.0875,18.77,18.825001,5.963958,158400,-0.01825283
2011-01-07,18.7125,18.725,18.34,18.4625,5.849114,194800,-0.01925636
2011-01-10,18.465,18.5,18.299999,18.487499,5.857034,140400,0.001354042
2011-01-11,18.4125,18.530001,18.327499,18.530001,5.870499,332000,0.002298959
2011-01-12,18.9025,19.25,18.9,19.225,6.090683,219600,0.03750669
2011-01-13,19.352501,19.5375,19.225,19.4125,6.150084,171200,0.009752926
2011-01-14,19.137501,19.334999,19.1,19.334999,6.125531,143200,-0.003992325
2011-01-18,19.2125,19.3225,19.1325,19.205,6.084346,241600,-0.006723507
2011-01-19,19.157499,19.192499,18.772499,18.799999,5.956038,155200,-0.02108831
2011-01-20,18.9125,18.985001,18.637501,18.8375,5.967918,332000,0.001994734
2011-01-21,19,19.290001,19,19.26,6.10177,127600,0.022428666
2011-01-24,18.825001,19.165001,18.805,19.1,6.051081,196800,-0.008307373
2011-01-25,19.24,19.309999,19.01,19.262501,6.102562,128400,0.008507906
2011-01-26,19.627501,19.68,19.467501,19.65,6.225327,366000,0.020116754
2011-01-27,19.8375,19.855,19.625,19.775,6.264927,1623600,0.006361323
2011-01-28,19.487499,19.5625,19.0425,19.1175,6.056625,246000,-0.033249052
2011-01-31,19.355,19.459999,19.202499,19.325001,6.122364,294800,0.010853982
2011-02-01,19.700001,20.122499,19.700001,20.092501,6.365516,456800,0.039715393
2011-02-02,20.0425,20.112499,19.967501,20.049999,6.35205,431200,-0.002115317
2011-02-03,19.8375,19.8375,19.559999,19.76,6.260176,261600,-0.014463791
2011-02-04,19.5,19.535,19.365,19.532499,6.188101,194000,-0.011513209
2011-02-07,19.58,19.875,19.58,19.844999,6.287105,94800,0.015998977
2011-02-08,19.635,19.7425,19.605,19.692499,6.238791,152400,-0.007684556
2011-02-09,19.817499,19.875,19.725,19.862499,6.292648,171200,0.008632729
2011-02-10,19.745001,19.9825,19.717501,19.9125,6.308491,413600,0.002517357
2011-02-11,19.5625,19.797501,19.5625,19.725,6.249088,98800,-0.009416196
2011-02-14,19.9625,20.137501,19.9,20.137501,6.379773,241600,0.020912598
2011-02-15,20.360001,20.5,20.3125,20.424999,6.470855,183600,0.014276747
2011-02-16,20.355,20.512501,20.355,20.4625,6.482735,167600,0.001836034
2011-02-17,20.577499,20.7675,20.567499,20.7675,6.579363,211600,0.014905315
2011-02-18,20.8825,21.0625,20.862499,21.045,6.667277,615600,0.013362225
2011-02-22,20.2875,20.545,20.08,20.105,6.369476,174400,-0.044666191
2011-02-23,20.315001,20.424999,20,20.1625,6.387691,346400,0.002859985
2011-02-24,20.42,20.575001,20.1875,20.375,6.455015,172800,0.010539368
2011-02-25,20.387501,20.3925,20.27,20.3375,6.443135,214000,-0.001840491
2011-02-28,20.805,20.934999,20.73,20.780001,6.583323,148400,0.021757886
2011-03-01,21.0625,21.075001,20.424999,20.475,6.486695,185200,-0.014677622
2011-03-02,20.862499,21.040001,20.852501,20.895,6.619756,170000,0.020512821
2011-03-03,21.2875,21.4625,21.092501,21.442499,6.793209,286000,0.026202393
2011-03-04,21.362499,21.4,21.012501,21.120001,6.691039,300800,-0.015040131
2011-03-07,21.602501,21.715,21.24,21.3475,6.763113,208800,0.010771732
2011-03-08,20.6775,20.9,20.57,20.870001,6.611836,141600,-0.022367912
2011-03-09,20.782499,20.809999,20.610001,20.67,6.548474,282800,-0.009583181
2011-03-10,20.25,20.3475,20.012501,20.2075,6.401949,252400,-0.022375423
2011-03-11,20.1,20.3575,20.1,20.315001,6.436006,422800,0.005319856
2011-03-14,20.1,20.297501,20.075001,20.297501,6.430462,210000,-0.000861432
2011-03-15,18.705,19.469999,18.6875,19.452499,6.162756,447600,-0.041630839
2011-03-16,19.2075,19.352501,18.4275,18.5625,5.880795,1311600,-0.045752425
2011-03-17,19.375,19.4375,19.2075,19.3125,6.118403,515600,0.04040404
2011-03-18,19.977501,20.0075,19.785,19.834999,6.283936,404800,0.027054964
2011-03-21,20.2875,20.3025,20.0975,20.27,6.42175,1703200,0.021930982
2011-03-22,20.205,20.25,19.975,20.0175,6.341754,859600,-0.012456833
2011-03-23,19.6875,20.110001,19.5875,20.012501,6.340171,467600,-0.000249731
2011-03-24,20.5075,20.8125,20.467501,20.8125,6.593618,482400,0.039974964
2011-03-25,20.747499,20.9125,20.672501,20.817499,6.595203,559200,0.000240192
2011-03-28,20.7875,20.975,20.735001,20.834999,6.600747,562000,0.000840639
2011-03-29,20.715,20.950001,20.5625,20.950001,6.63718,505200,0.005519655
2011-03-30,21.25,21.4275,21.200001,21.4025,6.780537,1899600,0.021598997
2011-03-31,21.6625,21.825001,21.6625,21.700001,6.874788,325600,0.013900292
2011-04-01,21.725,22.025,21.639999,21.942499,6.951615,353600,0.011175023
2011-04-04,22.125,22.165001,21.985001,22.0875,6.997552,353200,0.006608226
2011-04-05,21.889999,22.26,21.8825,22.26,7.052202,426400,0.007809847
2011-04-06,22.547501,22.825001,22.525,22.790001,7.220112,363600,0.023809569
2011-04-07,22.559999,22.75,22.4825,22.7125,7.195559,682000,-0.003400658
2011-04-08,23.055,23.105,22.967501,23.084999,7.31357,1029200,0.016400616
2011-04-11,23.2075,23.2875,23.129999,23.184999,7.345252,653200,0.004331817
2011-04-12,22.75,22.7775,22.5625,22.684999,7.186847,2667200,-0.021565668
2011-04-13,22.9175,22.977501,22.6625,22.73,7.201103,1284400,0.001983734
2011-04-14,22.692499,22.950001,22.584999,22.887501,7.251001,212800,0.006929212
2011-04-15,22.997499,23.217501,22.8825,23.1775,7.342875,426000,0.012670628
2011-04-18,22.397499,22.450001,21.977501,22.307501,7.067251,260400,-0.037536361
2011-04-19,22.317499,22.4625,22.275,22.452499,7.113188,134400,0.006499966
2011-04-20,23.512501,23.745001,23.512501,23.745001,7.522666,215200,0.057566064
2011-04-21,24.112499,24.17,23.940001,24.049999,7.619293,582000,0.012844725
2011-04-25,24.049999,24.094999,23.9725,24.0725,7.626422,259600,0.000935593
2011-04-26,24.155001,24.4725,24.059999,24.4,7.730175,948400,0.013604736
2011-04-27,24.9,25.262501,24.727501,25.262501,8.003426,486000,0.035348402
2011-04-28,25.139999,25.475,25.139999,25.415001,8.05174,122800,0.006036615
2011-04-29,25.584999,25.772499,25.584999,25.74,8.154701,167200,0.012787684
2011-05-02,25.610001,25.690001,25.365,25.365,8.035899,299200,-0.014568765
2011-05-03,25.1525,25.525,25.1525,25.35,8.031147,137200,-0.000591366
2011-05-04,24.834999,24.834999,23.762501,23.950001,8.62873,412800,-0.055226785
2011-05-05,23.365,23.625,23.025,23.254999,8.378334,7518400,-0.029018871
2011-05-06,23.547501,24.137501,23.49,23.7075,8.541363,7178800,0.019458225
2011-05-09,23.625,23.6875,23.33,23.5725,8.492723,8359200,-0.005694401
2011-05-10,23.737499,23.93,23.690001,23.9,8.610717,563600,0.013893308
2011-05-11,23.4475,23.4475,22.8675,22.895,8.248635,423600,-0.042050209
2011-05-12,22.625,23.012501,22.375,22.9825,8.280158,267200,0.003821795
2011-05-13,22.9725,23.035,22.415001,22.592501,8.139649,138000,-0.01696939
2011-05-16,22.5525,22.9125,22.4925,22.692499,8.175676,214000,0.004426159
2011-05-17,22.18,22.344999,22.004999,22.285,8.028862,218800,-0.017957432
2011-05-18,22.3325,22.6,22.25,22.549999,8.124337,108800,0.011891362
2011-05-19,22.905001,23,22.602501,22.879999,8.24323,287200,0.014634147
2011-05-20,22.450001,22.49,21.942499,22.110001,7.965813,258400,-0.03365376
2011-05-23,21.309999,21.612499,21.275,21.5375,7.759552,322000,-0.025893305
2011-05-24,21.875,22.040001,21.665001,21.674999,7.809091,257200,0.006384167
2011-05-25,21.3125,21.622499,21.2925,21.575001,7.773063,195600,-0.004613518
2011-05-26,21.637501,21.705,21.2875,21.5875,7.777566,288400,0.000579328
2011-05-27,21.709999,21.932501,21.700001,21.860001,7.875744,240800,0.012623092
2011-05-31,23.205,23.2425,23.01,23.2425,8.373832,222800,0.063243318
2011-06-01,23.125,23.127501,22.5,22.51,8.109925,217200,-0.031515543
2011-06-02,22.424999,22.512501,22.125,22.33,8.045074,309600,-0.007996446
2011-06-03,22.32,22.950001,22.2925,22.834999,8.227016,2114000,0.022615271
2011-06-06,23.110001,23.137501,22.737499,22.77,8.203599,210000,-0.002846464
2011-06-07,23.014999,23.15,22.860001,22.924999,8.259443,533200,0.006807159
2011-06-08,22.52,22.7925,22.477501,22.592501,8.139649,382400,-0.01450373
2011-06-09,22.8375,23.3325,22.8025,23.272499,8.38464,137600,0.030098394
2011-06-10,23.157499,23.1875,22.535,22.639999,8.156761,290000,-0.027178001
2011-06-13,22.690001,22.897499,22.530001,22.692499,8.175676,153600,0.002318905
2011-06-14,23.2325,23.432501,23.225,23.375,8.421569,185200,0.030076062
2011-06-15,22.625,22.6975,22.184999,22.262501,8.020756,177200,-0.04759354
2011-06-16,22.08,22.275,21.997499,22.2225,8.006344,210400,-0.001796788
2011-06-17,22.932501,22.932501,22.512501,22.655001,8.162167,147200,0.019462302
2011-06-20,22.24,22.549999,22.24,22.48,8.099117,160400,-0.007724608
2011-06-21,22.965,23.502501,22.950001,23.4575,8.451293,273200,0.043483096
2011-06-22,23.455,23.700001,23.35,23.375,8.421569,198000,-0.003516999
2011-06-23,22.76,23.1675,22.5625,23.1675,8.346809,378000,-0.008877005
2011-06-24,23.2075,23.237499,22.715,22.775,8.2054,192400,-0.016941837
2011-06-27,22.5275,22.870001,22.4825,22.805,8.216209,210800,0.001317234
2011-06-28,22.934999,23.342501,22.934999,23.342501,8.409859,248400,0.023569437
2011-06-29,23.7875,23.997499,23.535,23.942499,8.626027,420000,0.025704101
2011-06-30,24.102501,24.557501,24.0975,24.514999,8.83229,304800,0.023911456
2011-07-01,24.4275,24.795,24.275,24.7225,8.907046,223200,0.008464247
2011-07-05,24.6175,24.690001,24.415001,24.432501,8.802567,174000,-0.011730165
2011-07-06,24.415001,24.559999,24.297501,24.557501,8.847602,247200,0.005116136
2011-07-07,24.6,24.7925,24.575001,24.737499,8.912452,168800,0.007329655
2011-07-08,24.5625,24.682501,24.297501,24.434999,8.803467,138000,-0.012228399
2011-07-11,23.5875,23.65,23.327499,23.344999,8.410761,172000,-0.044608146
2011-07-12,23.2225,23.637501,23.2225,23.315001,8.399953,268400,-0.001284986
2011-07-13,23.6325,24.209999,23.6325,23.969999,8.635935,212400,0.028093415
2011-07-14,24.344999,24.5,23.977501,24.040001,8.661156,183200,0.002920401
2011-07-15,24.047501,24.1875,23.815001,24.0825,8.676468,140000,0.001767845
2011-07-18,23.877501,23.905001,23.549999,23.82,8.581894,102400,-0.010900031
2011-07-19,23.780001,23.9625,23.6675,23.825001,8.583696,105600,0.00020995
2011-07-20,23.422501,23.58,23.327499,23.5,8.466604,217200,-0.013641175
2011-07-21,23.702499,24.147499,23.625,24.0975,8.681871,368000,0.025425532
2011-07-22,23.875,23.9625,23.612499,23.950001,8.62873,258000,-0.006120925
2011-07-25,23.942499,24.2575,23.905001,24.1625,8.705291,201600,0.008872609
2011-07-26,24.2225,24.33,24.0875,24.174999,8.709792,162800,0.000517289
2011-07-27,24.0625,24.092501,23.252501,23.252501,8.377434,216800,-0.038159174
2011-07-28,22.125,22.612499,22.094999,22.424999,8.079302,396000,-0.035587656
2011-07-29,22.709999,22.9275,22.5625,22.655001,8.162167,260800,0.0102565
2011-08-01,22.852501,22.852501,21.612499,21.91,7.893757,548000,-0.032884616
2011-08-02,21.584999,21.807501,20.997499,21,7.565902,324400,-0.041533546
2011-08-03,21.2875,21.360001,20.545,21.0875,7.597426,424000,0.004166667
2011-08-04,20.682501,20.682501,19.365,19.375,6.980444,582400,-0.081209247
2011-08-05,19.932501,20.049999,18.665001,19.605,7.063309,815600,0.011870968
2011-08-08,18.389999,18.725,17.2125,17.422501,6.276997,643200,-0.111323591
2011-08-09,18.637501,18.9625,17.764999,18.9625,6.831827,744800,0.088391385
2011-08-10,18.674999,18.674999,17.5,17.605,6.342747,920800,-0.071588662
2011-08-11,17.7125,19.195,17.7125,18.8225,6.781389,390000,0.06915649
2011-08-12,19.3125,19.4925,19.075001,19.264999,6.940814,320400,0.023509045
2011-08-15,19.657499,19.92,19.602501,19.790001,7.129962,227600,0.027251598
2011-08-16,19.202499,19.75,19.049999,19.2125,6.921898,283600,-0.029181454
2011-08-17,19.280001,19.575001,19.055,19.1,6.881368,481200,-0.005855563
2011-08-18,18.290001,18.325001,17.825001,17.9625,6.471548,418400,-0.059554974
2011-08-19,17.315001,17.9625,17.1875,17.25,6.214848,906000,-0.039665971
2011-08-22,17.557501,17.5975,17.025,17.0375,6.138288,295600,-0.012318841
2011-08-23,17.2225,17.715,17.137501,17.645,6.357159,543600,0.03565664
2011-08-24,18.0975,18.375,17.862499,18.094999,6.519285,276400,0.025502919
2011-08-25,17.584999,17.715,16.8575,17.192499,6.194131,305200,-0.049875659
2011-08-26,16.8225,17.3825,16.6175,17.272499,6.222953,352800,0.004653192
2011-08-29,17.695,17.92,17.512501,17.7125,6.381476,106000,0.025474079
2011-08-30,17.225,17.5625,17.022499,17.475,6.295911,202000,-0.01340861
2011-08-31,17.7575,18.127501,17.657499,17.8025,6.413903,281200,0.018741059
2011-09-01,17.42,17.625,17.145,17.1775,6.188728,818800,-0.035107429
2011-09-02,16.635,16.762501,16.540001,16.575001,5.971658,683200,-0.035074894
2011-09-06,15.6975,15.865,15.4325,15.8125,5.696944,989200,-0.046003074
2011-09-07,16.147499,16.2925,16.125,16.25,5.854567,688800,0.027667984
2011-09-08,16.094999,16.502501,15.85,15.9875,5.759993,549600,-0.016153846
2011-09-09,15.3625,15.485,14.86,14.9,5.368187,1573200,-0.068021892
2011-09-12,14.53,14.9975,14.4875,14.9975,5.403315,1116400,0.006543624
2011-09-13,15.165,15.545,15.09,15.43,5.559136,940800,0.02883814
2011-09-14,15.8625,16.327499,15.325,16.254999,5.856367,477600,0.053467207
2011-09-15,16.7225,16.834999,16.5425,16.834999,6.065331,331200,0.035681331
2011-09-16,16.575001,16.674999,16.27,16.407499,5.911311,247600,-0.025393527
2011-09-19,15.635,16.0375,15.5725,16.0375,5.778007,342000,-0.022550603
2011-09-20,16.295,16.522499,16.0875,16.0875,5.796021,262400,0.003117693
2011-09-21,15.92,16.165001,15.4325,15.4975,5.583456,293200,-0.036674437
2011-09-22,15.0275,15.135,14.74,15.015,5.409618,855600,-0.031134054
2011-09-23,14.6275,15.04,14.5025,14.9625,5.390705,598800,-0.003496503
2011-09-26,15.1975,15.575,14.9175,15.49,5.580753,352800,0.035254804
2011-09-27,15.935,16.237499,15.655,15.785,5.687036,323600,0.019044545
2011-09-28,15.9175,15.97,15.4625,15.4825,5.578051,237600,-0.019163763
2011-09-29,16.030001,16.2075,15.835,16.125,5.809532,396000,0.041498466
2011-09-30,15.3175,15.6625,15.2175,15.22,5.483477,392000,-0.056124031
2011-10-03,14.8625,15.1925,14.5025,14.5025,5.224975,422000,-0.047141919
2011-10-04,14.435,15,14.205,15,5.404215,429200,0.03430443
2011-10-05,15.4025,15.73,15.2625,15.7125,5.660915,289200,0.0475
2011-10-06,15.845,16.559999,15.7875,16.530001,5.955446,395600,0.052028703
2011-10-07,16.7775,16.934999,16.372499,16.522499,5.952744,399600,-0.000453841
2011-10-10,16.995001,17.615,16.995001,17.475,6.295911,434000,0.057648725
2011-10-11,17,17.215,16.940001,17.1425,6.176118,260000,-0.019027182
2011-10-12,17.450001,17.807501,17.4,17.525,6.313925,200000,0.022312965
2011-10-13,17.3125,17.625,17.16,17.547501,6.322031,245200,0.001283937
2011-10-14,17.805,17.9725,17.684999,17.879999,6.441824,136000,0.018948453
2011-10-17,17.674999,17.674999,17.1525,17.235001,6.209444,156000,-0.036073716
2011-10-18,17.4925,17.975,17.2325,17.7575,6.39769,254800,0.030316157
2011-10-19,17.27,17.3675,16.945,17.012501,6.129281,220000,-0.041954048
2011-10-20,16.9175,17.067499,16.674999,16.959999,6.110366,289600,-0.003086084
2011-10-21,17.4575,17.682501,17.41,17.629999,6.351754,810800,0.039504719
2011-10-24,17.602501,18.0625,17.559999,17.9625,6.471548,207200,0.018859956
2011-10-25,18.0875,18.174999,17.6625,17.805,6.414804,357200,-0.008768267
2011-10-26,18.057501,18.08,17.290001,17.852501,6.431917,295600,0.002667846
2011-10-27,19.110001,19.625,19,19.450001,7.007465,503600,0.089483261
2011-10-28,19.379999,19.58,19.315001,19.424999,6.998459,349200,-0.00128545
2011-10-31,18.7125,18.7775,18.285,18.3375,6.606653,540800,-0.055984507
2011-11-01,17.2325,17.65,17.1525,17.35,6.250876,624800,-0.053851397
2011-11-02,17.577499,17.862499,17.415001,17.625,6.349954,241600,0.015850144
2011-11-03,18.184999,18.6175,17.799999,18.577499,6.693121,308400,0.054042496
2011-11-04,17.8475,17.915001,17.5,17.6625,6.363463,831600,-0.049253078
2011-11-07,17.4375,17.66,17.18,17.4275,6.278797,853200,-0.013305025
2011-11-08,17.934999,18.0625,17.424999,17.940001,6.463441,299200,0.029407603
2011-11-09,17.012501,17.110001,16.584999,16.6325,5.992374,492400,-0.07288188
2011-11-10,17.219999,17.275,16.795,17.1675,6.185125,252800,0.03216594
2011-11-11,17.627501,17.825001,17.627501,17.66,6.362562,225600,0.028687928
2011-11-14,17.4375,17.5975,17.227501,17.285,6.227458,202400,-0.021234428
2011-11-15,17.200001,17.4825,17.155001,17.290001,6.229259,238000,0.000289326
2011-11-16,16.959999,17.1875,16.7925,16.8325,6.064431,420000,-0.026460438
2011-11-17,17.110001,17.245001,16.620001,16.700001,6.016693,466800,-0.007871617
2011-11-18,16.895,16.9175,16.692499,16.7675,6.041012,132800,0.004041856
2011-11-21,16.26,16.3675,16.135,16.325001,5.881588,216800,-0.026390279
2011-11-22,16.227501,16.309999,15.9875,16.055,5.784312,524800,-0.016539111
2011-11-23,15.9825,15.985,15.555,15.555,5.604171,2138800,-0.031142946
2011-11-25,15.605,15.79,15.55,15.6,5.620384,257200,0.00289296
2011-11-28,16.497499,16.5625,16.334999,16.424999,5.917615,264800,0.052884551
2011-11-29,16.7875,16.950001,16.6975,16.7875,6.048217,620800,0.022070077
2011-11-30,17.955,18.3375,17.9275,18.202499,6.558015,316000,0.084288846
2011-12-01,18.0725,18.309999,17.795,17.934999,6.46164,294000,-0.014695784
2011-12-02,18.432501,18.469999,17.952499,18.032499,6.496767,273200,0.005436298
2011-12-05,18.487499,18.625,18.0625,18.147499,6.538199,345200,0.006377375
2011-12-06,18.190001,18.275,18.035,18.1975,6.556214,201600,0.002755256
2011-12-07,17.855,18.282499,17.737499,18.219999,6.56432,199200,0.001236379
2011-12-08,17.7925,17.907499,17.5,17.52,6.312123,358800,-0.038419267
2011-12-09,17.657499,18.07,17.657499,18.0075,6.487761,419600,0.027825342
2011-12-12,17.282499,17.325001,16.940001,17.057501,6.145493,407200,-0.052755741
2011-12-13,17.065001,17.1625,16.379999,16.4,5.908609,280800,-0.03854615
2011-12-14,16.4475,16.5425,16.334999,16.4175,5.914913,200000,0.001067073
2011-12-15,16.852501,16.9,16.535,16.557501,5.965353,182400,0.008527547
2011-12-16,16.91,16.975,16.672501,16.745001,6.032907,1104400,0.011324173
2011-12-19,16.8325,16.879999,16.385,16.4025,5.909509,469600,-0.020453925
2011-12-20,17.125,17.4,17.102501,17.370001,6.258082,238400,0.058984972
2011-12-21,17.227501,17.2775,16.975,17.182501,6.190529,178000,-0.010794473
2011-12-22,17.24,17.2875,17.102501,17.237499,6.210344,304400,0.003200815
2011-12-23,17.137501,17.25,17.1,17.25,6.214848,334800,0.000725221
2011-12-27,17.377501,17.4375,17.334999,17.3825,6.262585,245200,0.007681159
2011-12-28,17.4025,17.4025,16.9,16.98,6.117571,144800,-0.023155472
2011-12-29,17.030001,17.297501,16.987499,17.2875,6.228358,141600,0.018109541
2011-12-30,17.375,17.530001,17.327499,17.432501,6.2806,125200,0.008387621
